ACOUSTICS,,
World Rank,Institution,Score
1,University of Southampton,100
2,"University of California, San Diego",98.11
3,Katholieke Universiteit Leuven,95.06
4,University of Cambridge,92.58
5,Technical University of Denmark,89.88
6,University of Washington,89.18
7,University College London,88.14
8,Hong Kong Polytechnic University,87.7
9,King's College London,87.14
10,University of Texas at Austin,86.32
,,
,,
,,
AGRICULTURAL ECONOMICS & POLICY,,
World Rank,Institution,Score
1,"University of California, Davis",100
2,Cornell University,99.38
3,Iowa State University,97.43
4,Michigan State University,93.76
4,Purdue University,93.76
6,Wageningen University and Research Centre,88.41
7,"University of Maryland, College Park",85.75
8,Ohio State University,85.18
8,University of Illinois at Urbana–Champaign,85.18
10,North Carolina State University,83.38
10,"University of California, Berkeley",83.38
,,
,,
,,
AGRICULTURAL ENGINEERING,,
World Rank,Institution,Score
1,Harbin Institute of Technology,100
2,Zhejiang University,95.61
3,Tsinghua University,91.04
3,University of Chinese Academy of Sciences,91.04
5,South China University of Technology,89.03
6,Shandong University,88.44
7,Tongji University,87.31
8,National Taiwan University,86.54
9,Jiangnan University,84.15
10,Dalian University of Technology,83.5
,,
,,
,,
"AGRICULTURE",,
World Rank,Institution,Score
1,Wageningen University and Research Centre,100
2,University of Wisconsin–Madison,99.4
3,University of Guelph,99.3
4,Aarhus University,98.75
5,University of Illinois at Urbana–Champaign,97.06
6,Cornell University,95.5
7,Kansas State University,95.36
8,Iowa State University,94.32
9,University of Florida,92.56
10,University of Minnesota,90.66
,,
,,
,,
"AGRICULTURE, MULTIDISCIPLINARY",,
World Rank,Institution,Score
1,China Agricultural University,100
2,National Taiwan University,99.83
3,"University of California, Davis",99.55
4,Wageningen University and Research Centre,98.08
5,Jiangnan University,97.77
6,China Medical University (Taiwan),95.27
7,Nanjing Agricultural University,93.84
8,National Chung Hsing University,93.52
9,Zhejiang University,93.12
10,Technical University of Munich,92.1
,,
,,
,,
AGRONOMY,,
World Rank,Institution,Score
1,China Agricultural University,100
2,Wageningen University and Research Centre,98.23
3,Northwest A&F University,89.98
4,Nanjing Agricultural University,89.58
5,University of Western Australia,89.09
6,University of Chinese Academy of Sciences,88.33
7,"University of California, Davis",87.98
7,University of Hohenheim,87.98
9,Huazhong Agricultural University,87.54
10,University of Adelaide,86.02
,,
,,
,,
ALLERGY,,
World Rank,Institution,Score
1,Harvard University,100
2,Imperial College London,96.16
3,Karolinska Institute,93.56
4,Johns Hopkins University,92.28
5,Free University of Berlin,91.99
5,Humboldt University of Berlin,91.99
7,Medical University of Vienna,88.32
7,Utrecht University,88.32
9,Ludwig Maximilian University of Munich,87.22
10,University of Wisconsin–Madison,84.76
,,
,,
,,
ANATOMY & MORPHOLOGY,,
World Rank,Institution,Score
1,Harvard University,100
2,University of Oxford,86.32
3,University College London,84.9
4,Vanderbilt University,84.15
5,King's College London,83.37
6,University of Utah,82.97
7,McGill University,82.15
8,Pierre-and-Marie-Curie University,81.72
9,University of Queensland,80.85
10,Ghent University,79.94
10,University of Washington,79.94
,,
,,
,,
ANDROLOGY,,
World Rank,Institution,Score
1,Shanghai Jiao Tong University,100
2,Fudan University,84.63
3,Nanjing Medical University,80.33
4,Peking University,76.95
5,Sun Yat-sen University,70.75
6,Huazhong University of Science and Technology,66.91
6,Nanjing University,66.91
6,Second Military Medical University,66.91
6,Seoul National University,66.91
10,Korea University,65.48
10,Sichuan University,65.48
10,Zhejiang University,65.48
,,
,,
,,
ANESTHESIOLOGY,,
World Rank,Institution,Score
1,Harvard University,100
2,University of Toronto,89.51
3,"University of California, San Francisco",84.76
4,Stanford University,82.24
5,University of Iowa,81.16
6,University of Washington,81.07
7,Johns Hopkins University,80.99
8,University of Pennsylvania,80.54
9,Duke University,80.36
10,University of Michigan,79.72
,,
,,
,,
ANTHROPOLOGY,,
World Rank,Institution,Score
1,University College London,100
2,University of Oxford,96.07
3,University of Cambridge,94.3
4,Arizona State University,93.52
5,University of the Witwatersrand,92.34
6,Stony Brook University,91.07
7,Harvard University,88.86
8,Ohio State University,86.17
9,George Washington University,85.82
10,Australian National University,85.3
10,Durham University,85.3
,,
,,
,,
AREA STUDIES,,
World Rank,Institution,Score
1,University of Oxford,100
2,University of the Witwatersrand,88.05
3,"SOAS, University of London",81.85
4,University of Cape Town,81.05
5,London School of Economics,80.22
6,University of Cambridge,79.93
7,University of Birmingham,79.04
8,Harvard University,73.85
9,University of Manchester,72.19
10,Stanford University,71.75
,,
,,
,,
ASTRONOMY & ASTROPHYSICS,,
World Rank,Institution,Score
1,Harvard University,100
2,California Institute of Technology,97.82
3,University of Cambridge,92.82
4,"University of California, Berkeley",92.5
5,University of Arizona,89.82
6,"University of California, Santa Cruz",87.97
7,University of Oxford,86.43
8,University of Tokyo,86.4
9,Leiden University,86.17
10,Johns Hopkins University,85.74
,,
,,
,,
AUDIOLOGY & SPEECH-LANGUAGE PATHOLOGY,,
World Rank,Institution,Score
1,"University of California, San Diego",100
2,University of Washington,91.28
3,University of Texas at Austin,88.57
4,Technical University of Denmark,88.32
5,Boston University,86.56
6,University of Cambridge,86.42
7,University of Southampton,85.98
8,Pennsylvania State University,84.29
9,Massachusetts Institute of Technology,84.13
10,Grenoble Alpes University,82.95
,,
,,
,,
AUTOMATION & CONTROL SYSTEMS,,
World Rank,Institution,Score
1,Harbin Institute of Technology,100
2,Nanyang Technological University,96.12
3,Zhejiang University,94.3
4,University of Illinois at Urbana–Champaign,94.1
5,National University of Singapore,93.39
6,Massachusetts Institute of Technology,93.03
7,City University of Hong Kong,92.88
8,"University of California, Berkeley",92.35
9,University of Michigan,91.88
10,"University of California, San Diego",91.32
,,
,,
,,
BEHAVIORAL SCIENCES,,
World Rank,Institution,Score
1,University College London,100
2,University of Toronto,95.91
3,University of Oxford,92.17
4,Harvard University,91.24
5,University of Cambridge,90.52
6,"University of California, San Diego",85.68
7,"University of California, Davis",84.67
8,McGill University,84.2
9,University of Zurich,83.83
10,University of Montreal,82.7
,,
,,
,,
BIOCHEMICAL RESEARCH METHODS,,
World Rank,Institution,Score
1,Harvard University,100
2,Massachusetts Institute of Technology,91.1
3,University of Washington,87.97
4,Swiss Federal Institute of Technology in Zurich,87
5,"University of California, San Diego",86.28
6,Stanford University,86.25
7,University of Cambridge,86.13
8,University of Toronto,85.92
9,University of Michigan,85.76
10,National University of Singapore,84.38
,,
,,
,,
BIOCHEMISTRY & MOLECULAR BIOLOGY,,
World Rank,Institution,Score
1,Harvard University,100
2,"University of California, San Diego",88.66
3,University of Toronto,88.61
4,University of Oxford,88.59
5,University of Cambridge,88.5
6,University of Tokyo,88.29
7,University of Pennsylvania,87.99
8,University of Michigan,87.63
9,Massachusetts Institute of Technology,87.37
10,"University of California, San Francisco",87.25
,,
,,
,,
BIODIVERSITY CONSERVATION,,
World Rank,Institution,Score
1,University of Queensland,100
2,James Cook University,96.68
3,"University of California, Davis",93.32
4,University of Oxford,92.79
5,"University of California, Berkeley",91.81
6,University of Cambridge,91.53
7,Swedish University of Agricultural Sciences,90.64
8,University of British Columbia,90.02
9,University of Florida,89.55
10,Colorado State University,89.22
,,
,,
,,
BIOLOGY,,
World Rank,Institution,Score
1,Harvard University,100
2,University of Cambridge,93.53
3,University of Oxford,92.79
4,University College London,87.89
5,"University of California, Berkeley",87.69
6,Stanford University,86.84
7,Imperial College London,85.85
8,Cornell University,84.69
9,"University of California, San Diego",84.28
10,"University of California, Davis",83.76
,,
,,
,,
BIOPHYSICS,,
World Rank,Institution,Score
1,University of Tokyo,100
2,Osaka University,96.89
3,Harvard University,95.73
4,Seoul National University,94.28
5,Kyoto University,93.8
6,Shanghai Jiao Tong University,88.24
6,University of Oxford,88.24
8,Yonsei University,88.15
9,Korea University,87.73
9,Tohoku University,87.73
,,
,,
,,
BIOTECHNOLOGY & APPLIED MICROBIOLOGY,,
World Rank,Institution,Score
1,Harvard University,100
2,Massachusetts Institute of Technology,90.49
3,Stanford University,90.08
4,University of Washington,88.28
5,"University of California, Berkeley",87.98
6,Zhejiang University,87.77
7,Cornell University,86.71
8,University of Cambridge,86.52
9,University of Toronto,86.12
10,University of Chinese Academy of Sciences,85.44
,,
,,
,,
BUSINESS,,
World Rank,Institution,Score
1,Harvard University,100
2,University of Pennsylvania,94.45
3,University of Michigan,92.31
4,Erasmus University Rotterdam,92.03
5,Indiana University - Bloomington,88.97
6,University of Minnesota,88.83
7,Pennsylvania State University,87.81
8,Duke University,87.12
9,Arizona State University,86.39
9,"University of Maryland, College Park",86.39
,,
,,
,,
"BUSINESS, FINANCE",,
World Rank,Institution,Score
1,New York University,100
2,University of Pennsylvania,99.28
3,University of Chicago,99.1
4,Harvard University,96.72
5,Columbia University,93.8
6,University of Michigan,91.39
7,Massachusetts Institute of Technology,90.7
8,Stanford University,90.2
9,University of Texas at Austin,89.14
10,Tilburg University,88.13
,,
,,
,,
CARDIAC & CARDIOVASCULAR SYSTEMS,,
World Rank,Institution,Score
1,Harvard University,100
2,Duke University,92.43
3,Columbia University,86.8
4,University of Toronto,85.37
5,University of Pennsylvania,83.99
6,Johns Hopkins University,83.05
7,Erasmus University Rotterdam,82.71
8,Imperial College London,82.54
9,Stanford University,81.83
10,Emory University,81.78
,,
,,
,,
CELL & TISSUE ENGINEERING,,
World Rank,Institution,Score
1,Harvard University,100
2,Stanford University,85.06
3,University of Toronto,80.61
4,Kyoto University,79.75
4,"University of California, San Francisco",79.75
6,"University of California, Los Angeles",79.39
6,University of Cambridge,79.39
8,Massachusetts Institute of Technology,79.21
9,Johns Hopkins University,76.22
10,National University of Singapore,75.55
,,
,,
,,
CELL BIOLOGY,,
World Rank,Institution,Score
1,Harvard University,100
2,"University of California, San Francisco",87.25
3,Massachusetts Institute of Technology,86.16
4,Stanford University,85.94
5,University of Pennsylvania,85.89
6,"University of California, San Diego",85.65
7,University of Cambridge,85.26
8,University of Toronto,84.41
9,Yale University,84.31
10,Johns Hopkins University,83.33
,,
,,
,,
"CHEMISTRY, ANALYTICAL",,
World Rank,Institution,Score
1,Nanjing University,100
2,Hunan University,99.89
3,Zhejiang University,97.61
4,Jilin University,96.41
5,Wuhan University,95.27
6,University of Chinese Academy of Sciences,94.68
7,Southwest University (China),92.1
8,Tsinghua University,90.68
9,University of Barcelona,90.32
10,National University of Singapore,90.27
,,
,,
,,
"CHEMISTRY, APPLIED",,
World Rank,Institution,Score
1,Jiangnan University,100
2,South China University of Technology,96.94
3,China Agricultural University,96.07
4,Zhejiang University,95.28
5,National Taiwan University,92.41
6,University of Porto,91.1
7,Nanjing Agricultural University,89.58
8,Wageningen University and Research Centre,88.78
9,"University of California, Davis",88.42
10,China Medical University (Taiwan),87.78
,,
,,
,,
"CHEMISTRY, INORGANIC & NUCLEAR",,
World Rank,Institution,Score
1,Nanjing University,100
2,University of Valencia,95.22
3,University of Barcelona,94.89
4,University of Strasbourg,94.46
5,University of Chinese Academy of Sciences,93.87
6,Grenoble Alpes University,92.63
7,Nankai University,91.4
7,"University of California, Berkeley",91.4
9,Jilin University,91.22
10,University of Lisbon,90.25
,,
,,
,,
"CHEMISTRY, MEDICINAL",,
World Rank,Institution,Score
1,University of Florence,100
2,Katholieke Universiteit Leuven,98.98
3,China Pharmaceutical University,92.7
4,University of Naples Federico II,91.6
5,University of North Carolina at Chapel Hill,90.42
6,Harvard University,89.88
7,Kyoto University,89.09
8,Sapienza University of Rome,88.68
9,Shandong University,88.31
10,University of Bonn,87.05
,,
,,
,,
"CHEMISTRY, MULTIDISCIPLINARY",,
World Rank,Institution,Score
1,"University of California, Berkeley",100
2,Massachusetts Institute of Technology,98.39
3,University of Tokyo,97.1
4,Kyoto University,97.08
5,Northwestern University,96.33
6,Peking University,95.11
7,Nanyang Technological University,95.04
8,Stanford University,94.6
9,Osaka University,94.51
10,University of Cambridge,94.3
,,
,,
,,
"CHEMISTRY, ORGANIC",,
World Rank,Institution,Score
1,Lanzhou University,100
2,Kyoto University,99.77
3,Nankai University,98.8
4,Osaka University,96.89
5,Peking University,96.77
6,Zhejiang University,95.1
7,University of Tokyo,94.75
8,Nanyang Technological University,93.95
9,University of Oxford,93.04
10,National University of Singapore,90.47
,,
,,
,,
"CHEMISTRY, PHYSICAL",,
World Rank,Institution,Score
1,"University of California, Berkeley",100
2,Massachusetts Institute of Technology,98.41
3,Georgia Institute of Technology,96.04
4,Nanyang Technological University,95.86
5,Northwestern University,95.8
6,University of Chicago,95.43
7,Tsinghua University,93.96
8,University of Science and Technology of China,93.93
9,Stanford University,93.7
10,National University of Singapore,93.69
,,
,,
,,
CLINICAL NEUROLOGY,,
World Rank,Institution,Score
1,Harvard University,100
2,University College London,95.46
3,"University of California, San Francisco",93.54
4,University of Toronto,93.1
5,Johns Hopkins University,90.72
6,University of Pennsylvania,89.82
7,Columbia University,87.92
8,"University of California, Los Angeles",87.68
9,VU University Amsterdam,85.8
10,University of Pittsburgh,85.79
,,
,,
,,
COMMUNICATION,,
World Rank,Institution,Score
1,Ohio State University,100
2,Michigan State University,96.25
3,University of Michigan,93.13
4,University of Wisconsin–Madison,92.01
5,University of Texas at Austin,90.36
6,University of Illinois at Urbana–Champaign,88.02
7,University of Amsterdam,87.29
8,"University of Maryland, College Park",86.92
9,Pennsylvania State University,86.34
10,University of Pennsylvania,85.95
,,
,,
,,
"COMPUTER SCIENCE, ARTIFICIAL INTELLIGENCE",,
World Rank,Institution,Score
1,Nanyang Technological University,100
2,Hong Kong Polytechnic University,99.23
3,City University of Hong Kong,96.74
4,Tsinghua University,95.65
5,National University of Singapore,93.76
6,National Taiwan University of Science and Technology,92.1
7,National Cheng Kung University,91.2
8,Shanghai Jiao Tong University,89.92
9,National Chiao Tung University,89.44
10,Harbin Institute of Technology,89.31
,,
,,
,,
"COMPUTER SCIENCE, CYBERNETICS",,
World Rank,Institution,Score
1,Tongji University,100
2,New Jersey Institute of Technology,98.29
3,Hong Kong Polytechnic University,97.08
4,Harbin Institute of Technology,96.45
4,Huazhong University of Science and Technology,96.45
4,Nanyang Technological University,96.45
7,City University of Hong Kong,95.15
8,University of Macau,92.34
9,University of Adelaide,89.19
10,Zhejiang University,88.34
,,
,,
,,
"COMPUTER SCIENCE, HARDWARE & ARCHITECTURE",,
World Rank,Institution,Score
1,Tsinghua University,100
2,Nanyang Technological University,96.66
3,Purdue University,93.44
4,University of Waterloo,93.34
5,Georgia Institute of Technology,91.95
6,Massachusetts Institute of Technology,89.14
7,National Chiao Tung University,88.65
8,KAIST,88.01
9,Hong Kong University of Science and Technology,87.75
10,Princeton University,87.22
,,
,,
,,
"COMPUTER SCIENCE, INFORMATION SYSTEMS",,
World Rank,Institution,Score
1,Tsinghua University,100
2,Nanyang Technological University,99.93
3,Stanford University,96.5
4,Massachusetts Institute of Technology,95.95
5,City University of Hong Kong,95.33
6,National University of Singapore,95.15
7,University of Illinois at Urbana–Champaign,95.11
8,Technion – Israel Institute of Technology,94.08
9,University of Waterloo,93.98
10,Hong Kong University of Science and Technology,93.39
,,
,,
,,
"COMPUTER SCIENCE, INTERDISCIPLINARY APPLICATIONS",,
World Rank,Institution,Score
1,Harvard University,100
2,Stanford University,96.54
3,University of Michigan,91.26
4,Katholieke Universiteit Leuven,89.65
5,Imperial College London,88.96
6,Massachusetts Institute of Technology,88.68
7,Swiss Federal Institute of Technology in Zurich,88.53
8,Technical University of Munich,87.95
9,National University of Singapore,87.64
10,"University of California, Los Angeles",86.86
,,
,,
,,
"COMPUTER SCIENCE, SOFTWARE ENGINEERING",,
World Rank,Institution,Score
1,Stanford University,100
2,Massachusetts Institute of Technology,99.85
3,Tsinghua University,99.59
4,Swiss Federal Institute of Technology in Zurich,99.02
5,Zhejiang University,98.86
6,Carnegie Mellon University,97.05
7,Nanyang Technological University,95.89
8,Georgia Institute of Technology,95.56
9,"University of California, Berkeley",94.56
10,University of British Columbia,92.98
,,
,,
,,
"COMPUTER SCIENCE, THEORY & METHODS",,
World Rank,Institution,Score
1,Tsinghua University,100
2,Massachusetts Institute of Technology,99.93
3,Nanyang Technological University,97.65
4,Technion – Israel Institute of Technology,95.64
5,University of Waterloo,95.55
6,City University of Hong Kong,94.94
7,Tel Aviv University,93.27
7,University of Illinois at Urbana–Champaign,93.27
9,Georgia Institute of Technology,92.98
10,National University of Singapore,92.68
,,
,,
,,
CONSTRUCTION & BUILDING TECHNOLOGY,,
World Rank,Institution,Score
1,Southeast University (China),100
2,Tongji University,97.81
3,Tsinghua University,94.01
4,Hong Kong Polytechnic University,93.78
5,Wuhan University of Technology,93.43
6,University of Lisbon,92.09
7,Delft University of Technology,91.18
8,Swiss Federal Institute of Technology in Lausanne,88.47
9,Polytechnic University of Catalonia,88.16
10,University of Minho,87.68
,,
,,
,,
CRIMINOLOGY & PENOLOGY,,
World Rank,Institution,Score
1,Florida State University,100
2,Arizona State University,96.69
3,Sam Houston State University,96.36
4,University of Cincinnati,95.17
5,"University of Maryland, College Park",94.08
6,University of Missouri–St. Louis,92.53
7,"University at Albany, SUNY",91.92
8,University of Texas at Dallas,90.64
9,Rutgers University,89.74
10,University of South Florida,89.27
,,
,,
,,
CRITICAL CARE MEDICINE,,
World Rank,Institution,Score
1,Harvard University,100
2,University of Toronto,92.64
3,University of Pittsburgh,91.36
4,Johns Hopkins University,90.68
5,University of Pennsylvania,88.69
6,University of Washington,87
7,"University of California, San Francisco",85.74
8,University of Michigan,84.57
9,Imperial College London,83.87
10,University of Colorado Denver | Anschutz Medical Campus,83.59
,,
,,
,,
CRYSTALLOGRAPHY,,
World Rank,Institution,Score
1,Nanjing University,100
2,Shandong University,93.65
3,Jilin University,93.43
4,Northeast Normal University,91.1
5,Nankai University,88.76
6,University of Chinese Academy of Sciences,88.54
7,Sun Yat-sen University,87.93
8,University of Science and Technology of China,83.99
9,Tohoku University,83.48
10,National University of Singapore,83.38
,,
,,
,,
CULTURAL STUDIES,,
World Rank,Institution,Score
1,"Goldsmiths, University of London",100
2,University of Chicago,99.59
3,New York University,98.75
4,Columbia University,91.29
5,Duke University,90.7
6,Lancaster University,89.48
7,University of Sydney,87.52
8,University of Amsterdam,86.84
9,"University of California, Berkeley",86.13
10,Harvard University,85.4
,,
,,
,,
DEMOGRAPHY,,
World Rank,Institution,Score
1,University of Oxford,100
2,University of Wisconsin–Madison,95.21
3,University of Michigan,92.89
4,University of Amsterdam,91.38
5,Princeton University,90.86
6,"University of California, Berkeley",88.64
7,"University of California, San Francisco",88.05
8,University of North Carolina at Chapel Hill,87.44
8,University of Pennsylvania,87.44
10,Columbia University,86.82
10,"University of California, Los Angeles",86.82
,,
,,
,,
"DENTISTRY",,
World Rank,Institution,Score
1,University of São Paulo,100
2,Harvard University,93.35
3,University of Bern,92.39
4,"UNESP, São Paulo State University",91.82
5,University of Campinas,89.82
6,University of Hong Kong,89.78
7,University of Michigan,89.42
8,University of Gothenburg,89.15
9,University of Zurich,89.01
10,Augusta University,88.31
,,
,,
,,
DERMATOLOGY,,
World Rank,Institution,Score
1,Harvard University,100
2,University of Copenhagen,95.97
3,"University of California, San Francisco",94.45
4,Free University of Berlin,94.28
5,Humboldt University of Berlin,93.99
6,University of Pennsylvania,92.34
7,University of Manchester,90.57
8,King's College London,90.06
9,Karolinska Institute,87.51
10,Ruprecht Karl University of Heidelberg,86.72
10,University of Münster,86.72
,,
,,
,,
DEVELOPMENTAL BIOLOGY,,
World Rank,Institution,Score
1,Harvard University,100
2,University of Pennsylvania,88.13
3,"University of California, San Francisco",87.98
4,University of Cambridge,87.14
5,University of Toronto,84.39
6,Stanford University,83.76
6,"University of California, San Diego",83.76
8,University College London,82.14
9,Massachusetts Institute of Technology,82
10,University of Tokyo,81.71
,,
,,
,,
ECOLOGY,,
World Rank,Institution,Score
1,University of Oxford,100
2,"University of California, Berkeley",99.98
3,"University of California, Davis",99.61
4,University of Montpellier,98.77
5,University of British Columbia,96.73
6,University of Queensland,95.91
7,University of Cambridge,95.32
8,Cornell University,94.97
9,Pierre-and-Marie-Curie University,94.31
10,University of Sheffield,94.08
,,
,,
,,
ECONOMICS,,
World Rank,Institution,Score
1,Harvard University,100
2,University of Chicago,95.34
3,"University of California, Berkeley",94.09
4,Stanford University,93.36
5,Massachusetts Institute of Technology,93.34
6,London School of Economics,92.89
7,Columbia University,92.49
8,New York University,91.87
9,University of Pennsylvania,91.35
10,Northwestern University,91.09
,,
,,
,,
EDUCATION,,
World Rank,Institution,Score
1,University of Michigan,100
2,Michigan State University,97.83
3,Harvard University,97.02
4,Columbia University,96.72
5,Maastricht University,95.73
6,Stanford University,94.26
7,Florida State University,93.48
7,University of North Carolina at Chapel Hill,93.48
9,University of Wisconsin–Madison,93.26
10,University of Toronto,93.18
,,
,,
,,
"EDUCATION, SCIENTIFIC DISCIPLINES",,
World Rank,Institution,Score
1,Maastricht University,100
2,University of Toronto,99.51
3,Harvard University,97.63
4,"University of California, San Francisco",89.77
5,University of British Columbia,87.51
6,McMaster University,86.06
7,Johns Hopkins University,85.85
8,University of Pennsylvania,84.69
9,University of Calgary,84.57
10,University of Michigan,83.07
,,
,,
,,
"EDUCATION, SPECIAL",,
World Rank,Institution,Score
1,Radboud University Nijmegen,100
2,Katholieke Universiteit Leuven,93.56
3,University of Groningen,89.66
4,Louisiana State University,86.64
4,University of Bari Aldo Moro,86.64
6,University of Texas at Austin,85.34
7,Victoria University of Wellington,83.95
8,VU University Amsterdam,82.46
9,Erasmus University Rotterdam,80.85
10,University College London,79.81
,,
,,
,,
ELECTROCHEMISTRY,,
World Rank,Institution,Score
1,Tsinghua University,100
2,Central South University,99.37
3,Harbin Institute of Technology,99.2
4,University of Science and Technology of China,97.28
5,Zhejiang University,94.95
6,University of Chinese Academy of Sciences,94.44
7,Shanghai Jiao Tong University,93.97
7,Tianjin University,93.97
9,South China University of Technology,92.62
10,Hanyang University,91.15
,,
,,
,,
EMERGENCY MEDICINE,,
World Rank,Institution,Score
1,Harvard University,100
2,University of Pennsylvania,99.02
3,University of Pittsburgh,91.54
4,University of Washington,91.31
5,Monash University,89.95
6,University of Toronto,89.69
7,University of Oslo,88.21
8,Medical University of Vienna,86.28
9,"University of California, San Francisco",85.81
10,Johns Hopkins University,84.65
,,
,,
,,
ENDOCRINOLOGY & METABOLISM,,
World Rank,Institution,Score
1,Harvard University,100
2,University of Copenhagen,88.33
3,University of Pittsburgh,85.99
4,University of Toronto,85.52
5,Karolinska Institute,85.01
6,University of Michigan,84.69
7,Johns Hopkins University,84.27
8,University of Washington,83.6
9,University of Pennsylvania,83.38
10,Columbia University,83.16
,,
,,
,,
ENERGY & FUELS,,
World Rank,Institution,Score
1,Harbin Institute of Technology,100
2,University of Chinese Academy of Sciences,99.55
3,Tsinghua University,99.45
4,Zhejiang University,99.03
5,University of Science and Technology of China,96.18
6,South China University of Technology,94.92
7,Nanyang Technological University,93.62
8,Shanghai Jiao Tong University,93.31
9,Tianjin University,91.16
10,Fudan University,90.55
,,
,,
,,
"ENGINEERING, AEROSPACE",,
World Rank,Institution,Score
1,Technion – Israel Institute of Technology,100
2,Georgia Institute of Technology,99.31
3,University of Michigan,97.99
4,Delft University of Technology,97.84
5,Virginia Polytechnic Institute and State University,94.55
6,Texas A&M University,94.01
7,University of Colorado Boulder,93.82
8,Beihang University,93.45
9,University of Texas at Austin,90.39
10,Massachusetts Institute of Technology,90.17
,,
,,
,,
"ENGINEERING, BIOMEDICAL",,
World Rank,Institution,Score
1,Harvard University,100
2,Stanford University,88.74
3,Massachusetts Institute of Technology,87.85
4,University of Toronto,87.26
5,National University of Singapore,87.14
6,University of Michigan,86.06
7,Johns Hopkins University,85.71
8,Shanghai Jiao Tong University,85.35
9,University College London,85.03
10,University of Pittsburgh,84.84
,,
,,
,,
"ENGINEERING, CHEMICAL",,
World Rank,Institution,Score
1,Tsinghua University,100
2,Tianjin University,98.53
3,Zhejiang University,97.96
4,National University of Singapore,94.33
5,East China University of Science and Technology,93.83
6,Beijing University of Chemical Technology,92.97
7,Nanyang Technological University,91.51
8,Dalian University of Technology,90.63
9,University of Chinese Academy of Sciences,90.3
10,University of Science and Technology of China,90.21
,,
,,
,,
"ENGINEERING, CIVIL",,
World Rank,Institution,Score
1,Tongji University,100
2,Tsinghua University,97.43
3,Zhejiang University,97.22
4,Hong Kong Polytechnic University,94.73
5,Harbin Institute of Technology,93.19
6,National Taiwan University,92.81
7,Southeast University (China),91.67
8,University of Lisbon,90.44
9,Shanghai Jiao Tong University,90.05
10,Dalian University of Technology,89.32
,,
,,
,,
"ENGINEERING, ELECTRICAL & ELECTRONIC",,
World Rank,Institution,Score
1,Nanyang Technological University,100
2,Tsinghua University,97.62
3,National Chiao Tung University,97.58
4,National University of Singapore,95.85
5,Massachusetts Institute of Technology,95.71
6,Georgia Institute of Technology,93.77
7,City University of Hong Kong,93.75
8,Stanford University,92.97
9,Zhejiang University,92.87
10,KAIST,92.69
,,
,,
,,
"ENGINEERING, ENVIRONMENTAL",,
World Rank,Institution,Score
1,Swiss Federal Institute of Technology in Zurich,100
2,"University of California, Berkeley",96.97
3,Tsinghua University,96.42
4,Zhejiang University,96.18
5,Nanjing University,95.27
6,University of Queensland,93.91
7,Tongji University,92.91
8,Peking University,92.51
9,Stanford University,92.15
10,Harbin Institute of Technology,92.02
,,
,,
,,
"ENGINEERING, GEOLOGICAL",,
World Rank,Institution,Score
1,University of Western Australia,100
2,Tongji University,91.78
3,"University of California, Berkeley",91.33
4,National Taiwan University,90.86
5,Imperial College London,90.39
6,Hong Kong University of Science and Technology,89.73
7,University of Cambridge,85.46
8,China University of Mining and Technology (CUMT),84.83
9,Nanyang Technological University,84.17
10,Kyoto University,83.26
,,
,,
,,
"ENGINEERING, INDUSTRIAL",,
World Rank,Institution,Score
1,Hong Kong Polytechnic University,100
2,Shanghai Jiao Tong University,98.33
3,University of Montreal,91.37
4,Tsinghua University,90.6
5,Harbin Institute of Technology,90.03
6,Huazhong University of Science and Technology,88.07
7,City University of Hong Kong,85.27
8,Northeastern University (China),84.97
9,National University of Singapore,84.81
10,National Taiwan University of Science and Technology,84.65
,,
,,
,,
"ENGINEERING, MANUFACTURING",,
World Rank,Institution,Score
1,Shanghai Jiao Tong University,100
2,Harbin Institute of Technology,97.88
3,Huazhong University of Science and Technology,95.44
4,Hong Kong Polytechnic University,91.23
5,Shandong University,89.48
6,Tsinghua University,87.84
7,Dalian University of Technology,87.68
8,Nanjing University of Aeronautics and Astronautics,87.6
9,Northwestern Polytechnical University,87.28
10,University of Tehran,86.01
,,
,,
,,
"ENGINEERING, MARINE",,
World Rank,Institution,Score
1,Shanghai Jiao Tong University,100
2,University of Lisbon,97.55
3,Dalian University of Technology,97.35
4,Norwegian University of Science and Technology,92.11
5,University of Strathclyde,90.5
6,Harbin Engineering University,86.17
7,Seoul National University,84.75
8,Pusan National University,83.61
9,University of Western Australia,82.82
10,Istanbul Technical University,79.32
,,
,,
,,
"ENGINEERING, MECHANICAL",,
World Rank,Institution,Score
1,Xi'an Jiaotong University,100
2,Shanghai Jiao Tong University,95.6
3,Tsinghua University,94.67
4,Huazhong University of Science and Technology,89.04
5,Purdue University,87.53
6,Zhejiang University,86.78
7,Beihang University,86.65
8,Harbin Institute of Technology,86.18
9,University of Science and Technology of China,86.04
10,Hong Kong Polytechnic University,84.65
,,
,,
,,
"ENGINEERING, MULTIDISCIPLINARY",,
World Rank,Institution,Score
1,Stanford University,100
1,Tsinghua University,100
3,University of Texas at Austin,99.04
4,Polytechnic University of Catalonia,96.03
5,Xi'an Jiaotong University,95.84
6,Delft University of Technology,95.04
7,Dalian University of Technology,94.94
7,Harbin Institute of Technology,94.94
9,University of Cambridge,94.1
10,Shanghai Jiao Tong University,92.77
,,
,,
,,
"ENGINEERING, OCEAN",,
World Rank,Institution,Score
1,Dalian University of Technology,100
2,Shanghai Jiao Tong University,97.95
3,University of Lisbon,96.59
4,University of Oklahoma,95.87
5,Delft University of Technology,94.93
6,Norwegian University of Science and Technology,94.73
7,Colorado State University,93.12
8,University of Colorado Boulder,88.94
9,University of Strathclyde,88.68
10,University of Southampton,88.15
10,University of Western Australia,88.15
,,
,,
,,
"ENGINEERING, PETROLEUM",,
World Rank,Institution,Score
1,China University of Petroleum (Beijing),100
2,University of Texas at Austin,92.96
3,China University of Petroleum (East China),92.7
4,University of Tehran,89.07
5,University of Alberta,86.48
6,University of Calgary,85.78
7,Petroleum University of Technology,80.99
8,Southwest Petroleum University,80.08
9,Texas A&M University,79.61
10,China University of Geosciences (Beijing),78.12
,,
,,
,,
ENTOMOLOGY,,
World Rank,Institution,Score
1,University of Florida,100
2,"University of California, Riverside",95.23
3,Cornell University,91.95
4,Kansas State University,91.29
5,North Carolina State University,90.88
6,Michigan State University,90.74
7,"University of California, Davis",89.88
8,University of Georgia,88.98
9,Nanjing Agricultural University,86.74
9,University of São Paulo,86.74
,,
,,
,,
ENVIRONMENTAL SCIENCES,,
World Rank,Institution,Score
1,"University of California, Berkeley",100
2,Swiss Federal Institute of Technology in Zurich,97.42
3,Tsinghua University,96.18
4,Peking University,94.68
5,"University of California, Davis",93.74
6,University of Queensland,93.37
7,Stanford University,92.66
8,Harvard University,92.42
9,Wageningen University and Research Centre,92.11
10,University of Chinese Academy of Sciences,92
,,
,,
,,
ENVIRONMENTAL STUDIES,,
World Rank,Institution,Score
1,Wageningen University and Research Centre,100
2,"University of California, Berkeley",99.85
3,University of Oxford,98.01
4,VU University Amsterdam,96.41
5,University of Leeds,96.05
6,University of Cambridge,95.22
7,Swiss Federal Institute of Technology in Zurich,93.85
8,Autonomous University of Barcelona,93.44
8,University of Queensland,93.44
10,University of Manchester,93.33
,,
,,
,,
ERGONOMICS,,
World Rank,Institution,Score
1,Monash University,100
2,Queensland University of Technology,98.14
3,University of New South Wales,92.21
4,University of Central Florida,90.74
5,University of Michigan,88.49
6,University of Toronto,82.23
7,Virginia Polytechnic Institute and State University,81.3
8,University of Sydney,80.82
9,University of Queensland,80.33
10,University of Alabama at Birmingham,77.69
,,
,,
,,
ETHICS,,
World Rank,Institution,Score
1,University of Oxford,100
2,Erasmus University Rotterdam,95.92
3,York University,92.03
4,University of Manchester,90.56
5,Monash University,88.65
6,University of Pennsylvania,88.31
7,Harvard University,87.97
8,University of Melbourne,85.8
9,King's College London,82.07
10,University of Navarra,81.61
,,
,,
,,
ETHNIC STUDIES,,
World Rank,Institution,Score
1,University of Oxford,100
2,"University of California, Los Angeles",96.28
3,University of Amsterdam,94.42
4,University of Sussex,90.21
5,Harvard University,87.8
6,University of Toronto,85.81
7,Arizona State University,85.11
7,University of Manchester,85.11
7,University of Michigan,85.11
7,Utrecht University,85.11
,,
,,
,,
EVOLUTIONARY BIOLOGY,,
World Rank,Institution,Score
1,University of Oxford,100
2,University of Cambridge,98.18
3,Harvard University,96.74
4,"University of California, Berkeley",95.37
5,Cornell University,94.85
6,University of Montpellier,94.58
7,Uppsala University,93.02
8,University of British Columbia,92.79
9,University of Edinburgh,92.49
10,"University of California, Davis",92.41
,,
,,
,,
FAMILY STUDIES,,
World Rank,Institution,Score
1,Pennsylvania State University,100
2,University of Michigan,94.45
3,"University of California, Los Angeles",91.4
4,University of North Carolina at Chapel Hill,90.26
5,Columbia University,89.76
5,University of Washington,89.76
7,University of Texas at Austin,87.19
7,University of Toronto,87.19
9,Arizona State University,86.38
10,Harvard University,86.18
,,
,,
,,
FISHERIES,,
World Rank,Institution,Score
1,Ocean University of China,100
2,University of Bergen,94.63
3,Wageningen University and Research Centre,94.08
4,University of Washington,93.75
5,Technical University of Denmark,93
6,University of Chinese Academy of Sciences,92.92
7,University of Tasmania,90.04
8,Norwegian University of Life Sciences,89.63
9,University of British Columbia,89
10,Sun Yat-sen University,86.59
,,
,,
,,
FOOD SCIENCE & TECHNOLOGY,,
World Rank,Institution,Score
1,Wageningen University and Research Centre,100
2,China Agricultural University,97.45
3,Jiangnan University,96.59
4,University of Guelph,94.11
5,Ghent University,93.88
6,University of São Paulo,93.03
7,Cornell University,93
8,University of Wisconsin–Madison,92.89
9,Zhejiang University,92.48
10,University of Porto,91.92
,,
,,
,,
FORESTRY,,
World Rank,Institution,Score
1,Swedish University of Agricultural Sciences,100
2,Oregon State University,99.43
3,University of British Columbia,95.44
4,University of Helsinki,94.16
5,University of Alberta,93.28
6,University of Québec at Montreal,87.21
7,Laval University,87.11
8,University of Melbourne,86.7
9,Wageningen University and Research Centre,86.6
10,"University of California, Berkeley",86.08
,,
,,
,,
GASTROENTEROLOGY & HEPATOLOGY,,
World Rank,Institution,Score
1,Harvard University,100
2,University of Barcelona,90.04
3,University of Toronto,87.45
4,University of North Carolina at Chapel Hill,87.03
5,University of Michigan,86.65
6,Johns Hopkins University,86.38
7,Katholieke Universiteit Leuven,85.76
8,University of Pittsburgh,84.99
9,University of Pennsylvania,84.62
10,University of Amsterdam,84.45
,,
,,
,,
GENETICS & HEREDITY,,
World Rank,Institution,Score
1,Harvard University,100
2,Massachusetts Institute of Technology,89.44
3,University of Oxford,88.86
4,University of Cambridge,88.13
5,University of Washington,87.68
6,University of Toronto,86.7
7,University of Pennsylvania,86.38
8,Stanford University,86.23
9,University College London,86.01
10,University of Michigan,84.36
,,
,,
,,
GEOCHEMISTRY & GEOPHYSICS,,
World Rank,Institution,Score
1,Swiss Federal Institute of Technology in Zurich,100
2,California Institute of Technology,96.19
3,University of Tokyo,91.96
4,Grenoble Alpes University,91.22
5,"University of California, Berkeley",90.96
6,University of Cambridge,90.4
7,Columbia University,89.43
8,Australian National University,88.92
9,Pierre-and-Marie-Curie University,88.88
10,University of Bristol,88.58
,,
,,
,,
GEOGRAPHY,,
World Rank,Institution,Score
1,University of Oxford,100
2,University of Manchester,97.04
3,Durham University,95.57
3,University of British Columbia,95.57
5,University College London,92.75
6,University of Sheffield,92.27
6,University of Toronto,92.27
8,Wageningen University and Research Centre,91.08
9,University of East Anglia,90.73
9,University of Leeds,90.73
,,
,,
,,
"GEOGRAPHY, PHYSICAL",,
World Rank,Institution,Score
1,Utrecht University,100
2,University of Oxford,99.18
3,Durham University,98.32
4,University of Bern,97.16
5,University of Copenhagen,96.72
6,Stockholm University,96.1
7,Grenoble Alpes University,95.36
7,Swiss Federal Institute of Technology in Zurich,95.36
9,University of Cambridge,93.78
10,University of Bremen,93.68
,,
,,
,,
GEOLOGY,,
World Rank,Institution,Score
1,China University of Geosciences (Beijing),100
2,Swiss Federal Institute of Technology in Zurich,98.54
3,University of Texas at Austin,98.37
4,University of Western Australia,96.79
5,University of Alberta,94.05
6,University of Leeds,93.19
7,Durham University,92.97
8,University of Cambridge,92.53
9,China University of Geosciences (Wuhan),91.6
9,Stanford University,91.6
9,University of Melbourne,91.6
,,
,,
,,
"GEOSCIENCES",,
World Rank,Institution,Score
1,University of Colorado Boulder,100
2,California Institute of Technology,97.2
3,"University of California, Los Angeles",96.21
4,"University of California, Berkeley",95.94
5,University of Washington,91.77
6,Columbia University,91.74
7,Swiss Federal Institute of Technology in Zurich,91.38
8,Pierre-and-Marie-Curie University,91.36
9,University of Tokyo,90.55
10,Johns Hopkins University,89.91
,,
,,
,,
GERIATRICS & GERONTOLOGY,,
World Rank,Institution,Score
1,Harvard University,100
2,University of Pittsburgh,99.72
3,"University of California, San Francisco",96
4,Johns Hopkins University,95.45
5,University of Washington,91.89
6,Wake Forest University,90.31
7,"University of California, Los Angeles",90.25
8,University College London,89.26
9,University of Michigan,89.19
10,Duke University,88.64
,,
,,
,,
GERONTOLOGY,,
World Rank,Institution,Score
1,University of Pittsburgh,100
2,Harvard University,96.6
3,Johns Hopkins University,94.72
4,"University of California, San Francisco",94.21
5,University of Michigan,93.25
6,Duke University,89.34
7,"University of California, Los Angeles",89.08
8,University of Washington,88.43
9,Wake Forest University,87.88
10,Yale University,86.51
,,
,,
,,
Green & Sustainable Science & Technology,,
World Rank,Institution,Score
1,University of Chinese Academy of Sciences,100
2,RWTH Aachen University,93.7
3,Katholieke Universiteit Leuven,91.71
4,Nankai University,89.18
5,University of Science and Technology of China,88.84
6,Queen's University Belfast,88.5
7,Dalian University of Technology,86.7
8,University of Wisconsin–Madison,86.32
9,Georgia Institute of Technology,85.93
9,Monash University,85.93
9,Zhejiang University,85.93
,,
,,
,,
HEALTH CARE SCIENCES & SERVICES,,
World Rank,Institution,Score
1,Harvard University,100
2,University of Toronto,86.85
3,"University of California, San Francisco",86.68
4,Johns Hopkins University,85.16
5,University of Michigan,84.87
6,"University of California, Los Angeles",84.01
7,University of Pennsylvania,83.43
8,University of Washington,82.7
9,Yale University,79.96
10,Stanford University,79.4
,,
,,
,,
HEALTH POLICY & SERVICES,,
World Rank,Institution,Score
1,Harvard University,100
2,University of Michigan,86.46
3,"University of California, Los Angeles",85.86
4,Johns Hopkins University,85.73
5,University of Pennsylvania,84.5
6,University of Washington,84.33
7,University of Toronto,83.22
8,Yale University,82.61
9,Columbia University,82.06
10,"University of California, San Francisco",81.89
,,
,,
,,
HEMATOLOGY,,
World Rank,Institution,Score
1,Harvard University,100
2,University of Texas MD Anderson Cancer Center,87.54
3,University of Pennsylvania,86.97
4,University College London,85.64
5,University of Toronto,84.43
6,Erasmus University Rotterdam,83.89
7,University of Washington,83.69
8,Leiden University,82.98
9,Karolinska Institute,82.96
10,Stanford University,82.45
,,
,,
,,
HISTORY,,
World Rank,Institution,Score
1,University of Cambridge,100
2,University of Oxford,97.75
3,London School of Economics,85.82
4,Harvard University,85.47
5,University of Warwick,79.32
6,Yale University,76.25
7,University of Michigan,75.69
8,"University of California, Los Angeles",74.52
9,Columbia University,73.92
10,University of Chicago,71.29
,,
,,
,,
HISTORY & PHILOSOPHY OF SCIENCE,,
World Rank,Institution,Score
1,University of Pittsburgh,100
2,University of Oxford,97.71
3,London School of Economics,97.09
4,University of Wisconsin–Madison,94.12
5,University of Toronto,89.42
6,Cornell University,88.53
7,Australian National University,88.07
8,University of Amsterdam,86.15
9,University of Cambridge,85.64
10,Michigan State University,85.12
10,University of Edinburgh,85.12
10,University of Pennsylvania,85.12
,,
,,
,,
HISTORY OF SOCIAL SCIENCES,,
World Rank,Institution,Score
1,University of Oxford,100
2,London School of Economics,98.53
3,University of Cambridge,96.62
4,University of Warwick,89.27
4,Utrecht University,89.27
6,Harvard University,84.18
7,Carlos III University of Madrid,83.6
8,University of Nottingham,83.01
9,University of Reading,81.78
10,University of Glasgow,81.13
,,
,,
,,
HORTICULTURE,,
World Rank,Institution,Score
1,Huazhong Agricultural University,100
2,"University of California, Davis",99.79
3,China Agricultural University,98.83
4,Nanjing Agricultural University,98.28
5,Wageningen University and Research Centre,96.63
6,Zhejiang University,92.55
7,University of Hohenheim,91.13
8,Northwest A&F University,90.8
9,University of Florida,90.63
10,Cornell University,88.69
,,
,,
,,
"HOSPITALITY, LEISURE, SPORT & TOURISM",,
World Rank,Institution,Score
1,Hong Kong Polytechnic University,100
2,University of Queensland,93.49
3,Griffith University,91.84
4,University of Birmingham,88.47
5,University of Surrey,87.42
6,Texas A&M University,86.31
7,Arizona State University,83.88
8,Purdue University,82.54
9,Loughborough University,81.97
10,Pennsylvania State University,79.86
10,University of Florida,79.86
,,
,,
,,
IMAGING SCIENCE & PHOTOGRAPHIC TECHNOLOGY,,
World Rank,Institution,Score
1,California Institute of Technology,100
2,"University of Maryland, College Park",99.31
3,Paul Sabatier University - Toulouse III,93.41
4,Wuhan University,90.8
5,Beijing Normal University,87.99
6,Harvard University,86.33
7,University of British Columbia,85.51
8,University of Valencia,84.05
9,Xidian University,83.74
10,University of Michigan,83.11
,,
,,
,,
IMMUNOLOGY,,
World Rank,Institution,Score
1,Harvard University,100
2,Johns Hopkins University,92.33
3,"University of California, San Francisco",89.03
4,University of Washington,87.38
5,Imperial College London,86.09
6,University of Oxford,86.07
7,University of Pennsylvania,85.42
8,Emory University,84.39
9,Yale University,84.06
10,University College London,83.75
,,
,,
,,
INDUSTRIAL RELATIONS & LABOR,,
World Rank,Institution,Score
1,Cornell University,100
2,London School of Economics,94.01
3,Cardiff University,91.3
4,University of Warwick,90.82
5,"University of California, Berkeley",85.34
5,University of Manchester,85.34
7,Harvard University,84.07
8,Columbia University,83.41
8,University of Toronto,83.41
10,University of Minnesota,82.73
,,
,,
,,
INFECTIOUS DISEASES,,
World Rank,Institution,Score
1,Harvard University,100
2,Johns Hopkins University,98.92
3,"University of California, San Francisco",93.62
4,University of Washington,91.98
5,University College London,89.43
6,Imperial College London,88.76
7,London School of Hygiene & Tropical Medicine,88.23
8,"University of California, Los Angeles",85.74
9,University of Oxford,85.72
10,University of North Carolina at Chapel Hill,85.62
,,
,,
,,
INFORMATION SCIENCE & LIBRARY SCIENCE,,
World Rank,Institution,Score
1,Harvard University,100
2,Vanderbilt University,88.2
3,Indiana University - Bloomington,86.59
4,Katholieke Universiteit Leuven,86.46
5,University of Arizona,84.53
6,University of Washington,84.24
7,University of Texas at Austin,83.79
8,University of Amsterdam,83.64
9,Columbia University,83.33
9,"University of Maryland, College Park",83.33
,,
,,
,,
INSTRUMENTS & INSTRUMENTATION,,
World Rank,Institution,Score
1,Tsinghua University,100
2,Zhejiang University,98.12
3,Huazhong University of Science and Technology,97.31
4,Jilin University,96.84
5,Harbin Institute of Technology,94.48
6,National Cheng Kung University,91.93
7,Nanyang Technological University,91.61
8,University of Tokyo,91.48
9,Beihang University,90.53
10,KAIST,89.37
,,
,,
,,
INTEGRATIVE & COMPLEMENTARY MEDICINE,,
World Rank,Institution,Score
1,China Medical University (Taiwan),100
2,Kyung Hee University,96.18
3,Shanghai University of Traditional Chinese Medicine,93.33
4,Beijing University of Chinese Medicine,92.48
5,Nanjing University of Chinese Medicine,88.69
6,Chinese University of Hong Kong,83.81
7,Taipei Medical University,83.68
8,Guangzhou University of Chinese Medicine,83.54
9,National Yang-Ming University,81.27
10,Chinese Academy of Medical Sciences & Peking Union Medical College,80.33
10,Seoul National University,80.33
,,
,,
,,
INTERNATIONAL RELATIONS,,
World Rank,Institution,Score
1,Harvard University,100
2,London School of Economics,95.3
3,Stanford University,93.13
4,Princeton University,92.35
5,Duke University,92.09
6,Georgetown University,91.55
6,University of British Columbia,91.55
8,Columbia University,89.84
9,"University of California, San Diego",89.54
10,University of Essex,88.61
,,
,,
,,
LAW,,
World Rank,Institution,Score
1,Harvard University,100
2,University of Chicago,99.47
3,New York University,98.66
4,Yale University,93.78
5,Columbia University,93.27
6,University of Pennsylvania,92.9
7,University of Virginia,91.79
8,"University of California, Berkeley",91.67
9,Duke University,90.03
10,Stanford University,89.84
,,
,,
,,
LIMNOLOGY,,
World Rank,Institution,Score
1,University of Arizona,100
2,"University of California, Berkeley",99.01
3,Swiss Federal Institute of Technology in Zurich,96.59
4,University of Illinois at Urbana–Champaign,92.63
5,University of Colorado Boulder,91.55
6,Delft University of Technology,90.99
7,University of Padua,90.8
7,University of Texas at Austin,90.8
9,Swiss Federal Institute of Technology in Lausanne,90.21
10,Princeton University,89.19
,,
,,
,,
LINGUISTICS,,
World Rank,Institution,Score
1,Radboud University Nijmegen,100
2,University of Illinois at Urbana–Champaign,98.39
3,University College London,97.89
4,University of Toronto,94.45
5,University of Edinburgh,93.71
6,University of Wisconsin–Madison,93.32
7,Pennsylvania State University,92.93
8,Ohio State University,91.98
9,"University of Maryland, College Park",91.7
10,Harvard University,91.56
,,
,,
,,
LOGIC,,
World Rank,Institution,Score
1,Paris Diderot University - Paris 7,100
2,University of Vienna,92.3
3,University of Oxford,91.95
4,Carnegie Mellon University,89.68
4,Hebrew University of Jerusalem,89.68
6,University of Leeds,86.7
7,"University of California, Berkeley",83.79
8,University of Wisconsin–Madison,83.27
9,Claude Bernard University Lyon 1,82.18
9,Darmstadt University of Technology,82.18
,,
,,
,,
MANAGEMENT,,
World Rank,Institution,Score
1,Harvard University,100
2,University of Pennsylvania,93.43
3,University of Michigan,92.75
4,University of Minnesota,90.26
5,"University of Maryland, College Park",89.53
6,INSEAD,89.33
6,Michigan State University,89.33
8,Stanford University,89.18
9,Columbia University,88.81
10,Erasmus University Rotterdam,88.6
,,
,,
,,
MARINE & FRESHWATER BIOLOGY,,
World Rank,Institution,Score
1,James Cook University,100
2,Ocean University of China,90.99
3,University of Queensland,89.52
4,University of Tasmania,87.06
5,Aarhus University,86.25
6,Pierre-and-Marie-Curie University,85.52
7,University of Porto,85.39
8,Oregon State University,85.2
9,University of Bergen,84.88
10,University of Lisbon,84.81
,,
,,
,,
"MATERIALS SCIENCE, BIOMATERIALS",,
World Rank,Institution,Score
1,Harvard University,100
2,National University of Singapore,98.98
3,Shanghai Jiao Tong University,98.33
4,Seoul National University,97.08
5,Zhejiang University,96.36
6,Fudan University,95.38
7,Sichuan University,94.8
8,Massachusetts Institute of Technology,94.35
9,Peking University,93.34
10,National Taiwan University,92.68
,,
,,
,,
"MATERIALS SCIENCE, CERAMICS",,
World Rank,Institution,Score
1,Tsinghua University,100
2,Northwestern Polytechnical University,92.44
3,Harbin Institute of Technology,92.08
4,Pennsylvania State University,91.01
5,Xi'an Jiaotong University,90.75
6,National Cheng Kung University,89.01
7,Huazhong University of Science and Technology,85.04
8,Zhejiang University,84.47
9,Wuhan University of Technology,84.37
10,University of Chinese Academy of Sciences,84.28
,,
,,
,,
"MATERIALS SCIENCE, CHARACTERIZATION & TESTING",,
World Rank,Institution,Score
1,Harbin Institute of Technology,100
2,Shanghai Jiao Tong University,98.55
3,Central South University,89.75
4,South China University of Technology,87.8
5,Tohoku University,87.39
6,Northwestern Polytechnical University,86.97
6,Sichuan University,86.97
8,Beihang University,86.11
8,University of Illinois at Urbana–Champaign,86.11
10,Tsinghua University,85.66
,,
,,
,,
"MATERIALS SCIENCE, COATINGS & FILMS",,
World Rank,Institution,Score
1,Harbin Institute of Technology,100
2,Tsinghua University,97.49
3,Xi'an Jiaotong University,96.56
4,Tianjin University,96.34
5,Jilin University,94.55
6,Dalian University of Technology,92.28
7,Shanghai Jiao Tong University,91.81
8,Lanzhou University,90.72
8,Sichuan University,90.72
8,Zhejiang University,90.72
,,
,,
,,
"MATERIALS SCIENCE, COMPOSITES",,
World Rank,Institution,Score
1,KAIST,100
2,Harbin Institute of Technology,98.51
3,Shanghai Jiao Tong University,96.06
4,University of Porto,95.7
5,Amirkabir University of Technology,94.42
6,Imperial College London,92.65
7,Northwestern Polytechnical University,92.44
8,Polytechnic University of Turin,91.81
9,City University of Hong Kong,90.47
9,University of Bristol,90.47
,,
,,
,,
"MATERIALS SCIENCE, MULTIDISCIPLINARY",,
World Rank,Institution,Score
1,Nanyang Technological University,100
2,Massachusetts Institute of Technology,99.96
3,"University of California, Berkeley",99.57
4,Georgia Institute of Technology,97.49
5,Northwestern University,97.47
6,Tsinghua University,97.41
7,National University of Singapore,97.3
8,Peking University,96.14
9,University of Science and Technology of China,96.06
10,University of Chicago,95.89
,,
,,
,,
"MATERIALS SCIENCE, PAPER & WOOD",,
World Rank,Institution,Score
1,South China University of Technology,100
2,Beijing Forestry University,95.41
3,Nanjing Forestry University,92.17
4,Northeast Forestry University,89.99
5,"Putra University, Malaysia",88.07
6,Aalto University,87.52
7,North Carolina State University,84.48
8,"University of Science, Malaysia",78.91
9,University of Tokyo,77.75
10,Kyoto University,77.02
10,Royal Institute of Technology,77.02
,,
,,
,,
"MATERIALS SCIENCE, TEXTILES",,
World Rank,Institution,Score
1,South China University of Technology,100
2,Aalto University,93.75
3,East China University of Science and Technology,92.41
4,Dalian University of Technology,90.08
5,Kyoto University,89.77
6,Jilin University,88.81
6,Royal Institute of Technology,88.81
8,North Carolina State University,88.14
8,University of Tokyo,88.14
10,Shandong University,87.8
10,Soochow University (Suzhou),87.8
,,
,,
,,
MATHEMATICAL & COMPUTATIONAL BIOLOGY,,
World Rank,Institution,Score
1,Harvard University,100
2,University of Cambridge,89.03
3,Massachusetts Institute of Technology,88.8
4,"University of California, San Diego",88.45
5,University of Oxford,86.17
6,University of Washington,86.1
7,Stanford University,86.04
8,"University of California, Berkeley",83.74
9,University of Michigan,83.58
10,University of Toronto,83.18
,,
,,
,,
MATHEMATICS,,
World Rank,Institution,Score
1,Massachusetts Institute of Technology,100
2,Pierre-and-Marie-Curie University,97.42
3,Princeton University,97.06
3,"University of California, Berkeley",97.06
5,University of Paris-Sud,96.82
6,University of Michigan,95.47
7,University of Wisconsin–Madison,94.25
8,Fudan University,93.81
9,University of Chicago,93.51
10,University of Toronto,93.39
,,
,,
,,
"MATHEMATICS, APPLIED",,
World Rank,Institution,Score
1,Pierre-and-Marie-Curie University,100
2,Dalian University of Technology,96.64
2,Fudan University,96.64
4,Peking University,96.23
5,University of Texas at Austin,96.19
6,Harbin Institute of Technology,96.09
7,Sapienza University of Rome,95.29
8,Zhejiang University,95.05
9,Shanghai Jiao Tong University,95
10,University of São Paulo,94.3
,,
,,
,,
"MATHEMATICS, INTERDISCIPLINARY APPLICATIONS",,
World Rank,Institution,Score
1,University of Texas at Austin,100
2,Stanford University,96.53
3,Northwestern University,94.61
4,Polytechnic University of Catalonia,94.38
5,University of Illinois at Urbana–Champaign,93.76
6,Dalian University of Technology,93.52
7,"University of California, San Diego",92.53
8,Massachusetts Institute of Technology,92.28
9,National University of Singapore,91.48
10,Technical University of Munich,90.65
,,
,,
,,
MECHANICS,,
World Rank,Institution,Score
1,Xi'an Jiaotong University,100
2,University of Cambridge,97.53
3,Tsinghua University,96.16
4,Imperial College London,95.41
5,Shanghai Jiao Tong University,95.24
6,Massachusetts Institute of Technology,94.38
7,Pierre-and-Marie-Curie University,92.18
8,Aix-Marseille University,90.15
9,University of Illinois at Urbana–Champaign,88.67
10,University of Texas at Austin,88.53
,,
,,
,,
MEDICAL ETHICS,,
World Rank,Institution,Score
1,Harvard University,100
2,University of Oxford,94.85
3,Johns Hopkins University,87.68
4,University of Manchester,80.45
4,University of Pennsylvania,80.45
6,University of Oslo,79.1
7,Georgetown University,78.64
8,King's College London,78.16
9,University of Minnesota,75.59
10,McGill University,75.04
,,
,,
,,
MEDICAL INFORMATICS,,
World Rank,Institution,Score
1,Harvard University,100
2,University of Michigan,85.11
3,Columbia University,81.55
3,University of Washington,81.55
5,Vanderbilt University,81.11
6,Johns Hopkins University,78.86
6,University of Pennsylvania,78.86
8,University of North Carolina at Chapel Hill,77.4
9,University of Toronto,77.26
10,Stanford University,75.95
,,
,,
,,
MEDICAL LABORATORY TECHNOLOGY,,
World Rank,Institution,Score
1,Harvard University,100
2,University of Utah,88.36
3,Johns Hopkins University,82.34
3,University of Michigan,82.34
5,University of Pittsburgh,81.37
6,University of Toronto,80.65
7,University of Texas MD Anderson Cancer Center,78.44
8,University of Washington,78.27
9,Baylor College of Medicine,77.04
10,Washington University in St. Louis,76.86
,,
,,
,,
"MEDICINE, GENERAL & INTERNAL",,
World Rank,Institution,Score
1,Harvard University,100
2,Johns Hopkins University,87.35
3,University of Toronto,87.22
4,"University of California, San Francisco",86.82
5,University of Washington,85.15
6,University College London,85.1
7,University of Sydney,84.92
8,University of Oxford,84.78
9,University of Pennsylvania,82.61
10,Duke University,81.98
,,
,,
,,
"MEDICINE, LEGAL",,
World Rank,Institution,Score
1,University of Lausanne,100
2,University of Adelaide,88.19
3,"University of Technology, Sydney",83.99
4,University of Bonn,83.23
5,Michigan State University,81.62
6,University of Milan,81.34
7,Albert Ludwig University of Freiburg,77.25
7,Monash University,77.25
7,University of Bern,77.25
10,University of Leicester,75.02
10,University of São Paulo,75.02
,,
,,
,,
"MEDICINE, RESEARCH & EXPERIMENTAL",,
World Rank,Institution,Score
1,Harvard University,100
2,University of Pennsylvania,88.96
3,Johns Hopkins University,85.44
4,University of Washington,83.81
5,University of Michigan,83.4
6,"University of California, San Francisco",82.77
7,University of Toronto,82.58
8,Stanford University,82.45
9,University of North Carolina at Chapel Hill,81.14
10,University of Pittsburgh,80.49
,,
,,
,,
METALLURGY & METALLURGICAL ENGINEERING,,
World Rank,Institution,Score
1,Harbin Institute of Technology,100
2,Tohoku University,96.76
3,Northwestern Polytechnical University,95.98
4,Central South University,95.55
5,University of Science and Technology Beijing,93.71
6,Shanghai Jiao Tong University,92.85
7,Tsinghua University,89.05
8,Xi'an Jiaotong University,87.93
9,Zhejiang University,87.66
10,Northeastern University (China),86.97
,,
,,
,,
METEOROLOGY & ATMOSPHERIC SCIENCES,,
World Rank,Institution,Score
1,University of Colorado Boulder,100
2,University of Reading,95.03
3,Columbia University,93.55
4,Versailles Saint-Quentin-en-Yvelines University,93.14
5,California Institute of Technology,92.28
6,University of Washington,91.74
7,Swiss Federal Institute of Technology in Zurich,91.32
8,Pierre-and-Marie-Curie University,90.45
9,University of Leeds,89.8
10,Colorado State University,89.32
,,
,,
,,
MICROBIOLOGY,,
World Rank,Institution,Score
1,Harvard University,100
2,Johns Hopkins University,96.13
3,University of Washington,92.29
4,University of Oxford,89.17
5,"University of California, San Francisco",88.68
6,Emory University,87.21
7,Cornell University,87.19
8,University of Wisconsin–Madison,87.14
9,Duke University,85.94
10,Imperial College London,85.68
,,
,,
,,
MICROSCOPY,,
World Rank,Institution,Score
1,University of Oxford,100
2,University of Antwerp,98.75
3,"University of California, Berkeley",85.54
3,University of Sydney,85.54
5,Monash University,83.01
5,University of Cambridge,83.01
7,Arizona State University,82.56
8,TU Dresden,80.15
8,University of Melbourne,80.15
10,Vienna University of Technology,78.56
,,
,,
,,
MINERALOGY,,
World Rank,Institution,Score
1,China University of Geosciences (Wuhan),100
2,China University of Geosciences (Beijing),96.99
3,Australian National University,93.63
4,University of Bayreuth,93.27
5,Macquarie University,91.35
6,Curtin University,91.22
6,University of Chinese Academy of Sciences,91.22
8,Swiss Federal Institute of Technology in Zurich,90.53
9,University of Padua,88.76
10,University of Granada,87.32
,,
,,
,,
MINING & MINERAL PROCESSING,,
World Rank,Institution,Score
1,Karlsruhe Institute of Technology,100
2,Kyoto University,99.1
3,Tohoku University,96.58
4,Kyushu University,96
5,"University of California, San Diego",92.15
6,University of Chicago,90.5
7,Royal Institute of Technology,88.31
8,University of Wisconsin–Madison,83.58
9,Hokkaido University,83.41
9,Princeton University,83.41
,,
,,
,,
MULTIDISCIPLINARY SCIENCES,,
World Rank,Institution,Score
1,Harvard University,100
2,Stanford University,89.44
3,Massachusetts Institute of Technology,88.77
4,University of Oxford,88.53
5,Johns Hopkins University,87.84
6,"University of California, Berkeley",87.7
7,"University of California, San Diego",87.27
8,University of Cambridge,87.11
9,University College London,86.74
10,University of Toronto,86.34
,,
,,
,,
MYCOLOGY,,
World Rank,Institution,Score
1,Mae Fah Luang University,100
2,University of Pretoria,98.03
3,Wageningen University and Research Centre,95.44
4,Duke University,95.01
5,Utrecht University,93.67
6,University of Minnesota,88.44
7,University of Wisconsin–Madison,84.52
8,Oregon State University,83.42
8,University of Florida,83.42
10,University of Arkansas - Fayetteville,82.65
10,"University of California, Berkeley",82.65
,,
,,
,,
NANOSCIENCE & NANOTECHNOLOGY,,
World Rank,Institution,Score
1,"University of California, Berkeley",100
2,Massachusetts Institute of Technology,98.88
3,Georgia Institute of Technology,96.51
4,Northwestern University,96.16
5,Nanyang Technological University,94.43
6,Stanford University,94.31
7,University of Chicago,93.79
8,Peking University,93.19
9,National University of Singapore,93.01
10,University of Cambridge,92.21
,,
,,
,,
NEUROIMAGING,,
World Rank,Institution,Score
1,Harvard University,100
2,University College London,99.7
3,University of Oxford,89.98
4,"University of California, Los Angeles",87.09
5,McGill University,84.58
6,Humboldt University of Berlin,84.5
7,Free University of Berlin,84.27
8,University of Toronto,83.21
9,University of Pennsylvania,82.51
10,"University of California, San Diego",82.43
,,
,,
,,
NEUROSCIENCES,,
World Rank,Institution,Score
1,Harvard University,100
2,University College London,96.78
3,"University of California, San Francisco",89.99
4,Johns Hopkins University,89.9
5,"University of California, Los Angeles",89.42
6,University of Toronto,89.4
7,Yale University,88.69
8,University of Oxford,88.53
9,"University of California, San Diego",88.43
10,University of Pennsylvania,88.24
,,
,,
,,
NUCLEAR SCIENCE & TECHNOLOGY,,
World Rank,Institution,Score
1,University of Chicago,100
2,Kyoto University,99.41
3,Tohoku University,96.41
4,"University of California, Berkeley",95.52
5,University of Tokyo,95.42
6,Karlsruhe Institute of Technology,94.48
7,Osaka University,92.02
8,University of Paris-Sud,90.7
9,University of Lisbon,88.27
9,University of Michigan,88.27
,,
,,
,,
NURSING,,
World Rank,Institution,Score
1,Karolinska Institute,100
2,King's College London,91.61
3,University of Manchester,91.37
4,Western Sydney University,91.12
5,Griffith University,90.96
6,"University of Technology, Sydney",90.87
7,University of Sydney,89.48
8,Chang Gung University,88.74
9,"University of California, San Francisco",88.64
10,Uppsala University,87.86
,,
,,
,,
NUTRITION & DIETETICS,,
World Rank,Institution,Score
1,Harvard University,100
2,University of Copenhagen,90.57
3,Wageningen University and Research Centre,88.3
4,Tufts University,87.74
5,Maastricht University,86.69
6,University of Minnesota,84.49
7,"University of California, Davis",84.44
8,Louisiana State University,83.84
9,University of North Carolina at Chapel Hill,83.61
10,Johns Hopkins University,83.27
,,
,,
,,
OBSTETRICS & GYNECOLOGY,,
World Rank,Institution,Score
1,Harvard University,100
2,"University of California, San Francisco",93.81
3,Columbia University,93.23
4,University of Pittsburgh,92.81
5,University of North Carolina at Chapel Hill,89.51
6,Katholieke Universiteit Leuven,88.43
7,University of Alabama at Birmingham,88.36
8,University of Copenhagen,88.01
9,University College London,87.62
9,University of Toronto,87.62
,,
,,
,,
OCEANOGRAPHY,,
World Rank,Institution,Score
1,"University of California, San Diego",100
2,University of Washington,99.93
3,Oregon State University,97.8
4,University of Southampton,91.55
5,Pierre-and-Marie-Curie University,89.66
6,University of Hawaii at Manoa,88.69
7,University of Tasmania,88.34
8,"University of California, Santa Cruz",88.19
9,University of Miami,87.59
10,"University of California, Santa Barbara",86.74
,,
,,
,,
ONCOLOGY,,
World Rank,Institution,Score
1,Harvard University,100
2,University of Texas MD Anderson Cancer Center,98.83
3,University of Toronto,91.05
4,Johns Hopkins University,87.48
5,Karolinska Institute,85.74
6,"University of California, San Francisco",85.54
7,Ruprecht Karl University of Heidelberg,84.36
8,Duke University,84.03
9,University of Michigan,84.02
10,University of Pennsylvania,83.98
,,
,,
,,
OPERATIONS RESEARCH & MANAGEMENT SCIENCE,,
World Rank,Institution,Score
1,Hong Kong Polytechnic University,100
2,National Cheng Kung University,93
3,City University of Hong Kong,91.28
4,Massachusetts Institute of Technology,90.97
5,National University of Singapore,90.41
6,National Taiwan University of Science and Technology,89.01
7,University of Montreal,88.66
8,National Chiao Tung University,88.45
9,Georgia Institute of Technology,88.23
10,"University of California, Berkeley",85.2
,,
,,
,,
OPHTHALMOLOGY,,
World Rank,Institution,Score
1,University College London,100
2,Harvard University,96.91
3,Johns Hopkins University,96.26
4,University of Melbourne,92.91
5,National University of Singapore,91.27
6,University of Sydney,89.56
7,University of Southern California,86.83
8,University of Miami,86.72
9,"University of California, Los Angeles",86.57
10,"University of California, San Diego",85.7
,,
,,
,,
OPTICS,,
World Rank,Institution,Score
1,Massachusetts Institute of Technology,100
2,Huazhong University of Science and Technology,99.04
3,Zhejiang University,98.11
4,Nanyang Technological University,96.18
5,Technical University of Denmark,95.4
6,Tsinghua University,95.21
7,University of Jena,94.67
8,National Chiao Tung University,94.08
9,University of Southampton,93.93
10,National University of Singapore,92.84
,,
,,
,,
ORNITHOLOGY,,
World Rank,Institution,Score
1,University of Groningen,100
2,Cornell University,96.06
3,Lund University,90.22
3,University of Cape Town,90.22
5,University of Montpellier,86.37
6,Aarhus University,85.51
7,University of Alaska Fairbanks,83.69
8,National Autonomous University of Mexico,83.21
8,University of St Andrews,83.21
10,University of Castilla–La Mancha,82.22
10,University of Saskatchewan,82.22
,,
,,
,,
ORTHOPEDICS,,
World Rank,Institution,Score
1,Harvard University,100
2,Rush University,92.05
3,Washington University in St. Louis,91.61
4,"University of California, San Francisco",90.97
5,University of Pittsburgh,90.63
6,University of Toronto,89.85
7,Thomas Jefferson University,89.66
8,University of Pennsylvania,87.43
9,Stanford University,84.14
10,New York University,84.06
,,
,,
,,
OTORHINOLARYNGOLOGY,,
World Rank,Institution,Score
1,Harvard University,100
2,Johns Hopkins University,91
3,University of Pittsburgh,89.56
4,University of Toronto,87.13
5,University of Michigan,84.23
6,Oregon Health & Science University,83.44
7,Vanderbilt University,82.44
8,University of Texas MD Anderson Cancer Center,82.2
9,Washington University in St. Louis,81.37
10,University of Washington,81.2
,,
,,
,,
PALEONTOLOGY,,
World Rank,Institution,Score
1,University of Bristol,100
2,University of Bremen,95.23
3,University of Alberta,91.57
4,Pierre-and-Marie-Curie University,90.89
5,Columbia University,90.54
6,Utrecht University,90
7,University of Cambridge,89.06
8,Claude Bernard University Lyon 1,87.88
9,University of Oxford,87.05
10,University of Montpellier,84.81
10,University of Toronto,84.81
,,
,,
,,
PARASITOLOGY,,
World Rank,Institution,Score
1,Harvard University,100
2,London School of Hygiene & Tropical Medicine,93.64
3,University of Oxford,93.58
4,Imperial College London,92.21
5,Johns Hopkins University,91.05
6,"University of California, San Francisco",90.31
7,University of Basel,89
8,University of Washington,87.49
9,University of Melbourne,87.29
10,University of Pennsylvania,87.19
,,
,,
,,
PATHOLOGY,,
World Rank,Institution,Score
1,Harvard University,100
2,Johns Hopkins University,91.57
3,University of Texas MD Anderson Cancer Center,89.95
4,University of Pittsburgh,85.98
5,University of Toronto,85.15
6,University of Michigan,81.79
7,"University of California, San Francisco",81.2
8,Stanford University,80.17
9,University of Pennsylvania,80.05
10,Emory University,79.74
,,
,,
,,
PEDIATRICS,,
World Rank,Institution,Score
1,Harvard University,100
2,University of Pennsylvania,94.32
3,University of Toronto,91.22
4,Johns Hopkins University,89.31
5,University College London,89.13
6,Baylor College of Medicine,88.52
7,University of Washington,85.66
8,Ohio State University,84.98
9,"University of California, San Francisco",84.84
10,Karolinska Institute,84.76
,,
,,
,,
PERIPHERAL VASCULAR DISEASE,,
World Rank,Institution,Score
1,Harvard University,100
2,Johns Hopkins University,83.42
3,University of Toronto,83.12
4,"University of California, Los Angeles",82.18
5,University of Washington,81.64
6,Utrecht University,81.02
7,Duke University,80.92
8,University of Pennsylvania,80.76
9,Columbia University,80.45
10,Leiden University,79.94
,,
,,
,,
PHARMACOLOGY & PHARMACY,,
World Rank,Institution,Score
1,Harvard University,100
2,University College London,94.55
3,University of Toronto,93.74
4,University of Barcelona,93.67
5,Utrecht University,92.45
6,Seoul National University,92.38
7,University of Copenhagen,92.25
7,University of North Carolina at Chapel Hill,92.25
9,"University of California, San Diego",91.94
10,University of Michigan,91.46
,,
,,
,,
"PHYSICS, APPLIED",,
World Rank,Institution,Score
1,Nanyang Technological University,100
2,National University of Singapore,99.24
3,Massachusetts Institute of Technology,98.69
4,"University of California, Berkeley",98.26
5,Tsinghua University,97.97
6,Tohoku University,97.33
7,University of Cambridge,96.66
8,University of Tokyo,96.1
9,Peking University,95.52
10,Nanjing University,95.38
,,
,,
,,
"PHYSICS, ATOMIC, MOLECULAR & CHEMICAL",,
World Rank,Institution,Score
1,Pierre-and-Marie-Curie University,100
2,University of Oxford,98.66
3,"University of California, Berkeley",98.56
4,University College London,97.21
5,University of Science and Technology of China,97.1
6,University of Paris-Sud,95.31
7,Tsinghua University,94.8
8,Jilin University,94.54
9,University of Cambridge,94.28
9,University of Tokyo,94.28
,,
,,
,,
"PHYSICS, CONDENSED MATTER",,
World Rank,Institution,Score
1,"University of California, Berkeley",100
2,Massachusetts Institute of Technology,98.5
3,Stanford University,94.61
4,Harvard University,92.91
5,University of Tokyo,91.03
6,University of Cambridge,90.75
7,University of Chicago,89.89
8,Northwestern University,89.63
9,Georgia Institute of Technology,88.77
10,University of Illinois at Urbana–Champaign,88.62
,,
,,
,,
"PHYSICS, FLUIDS & PLASMAS",,
World Rank,Institution,Score
1,Pierre-and-Marie-Curie University,100
2,Humboldt University of Berlin,89.2
3,Swiss Federal Institute of Technology in Zurich,88.41
4,University of Paris-Sud,87.17
5,University of Tokyo,86.75
6,Sapienza University of Rome,84.94
6,Tel Aviv University,84.94
8,Imperial College London,84.47
8,Massachusetts Institute of Technology,84.47
10,Grenoble Alpes University,83.49
,,
,,
,,
"PHYSICS, MATHEMATICAL",,
World Rank,Institution,Score
1,Pierre-and-Marie-Curie University,100
2,Swiss Federal Institute of Technology in Zurich,93.91
3,Princeton University,93.52
4,Massachusetts Institute of Technology,93.13
5,University of Paris-Sud,91.68
6,"University of California, Berkeley",91.24
7,Harvard University,91.02
8,Sapienza University of Rome,90.8
8,University of Tokyo,90.8
10,Imperial College London,88.92
,,
,,
,,
"PHYSICS, MULTIDISCIPLINARY",,
World Rank,Institution,Score
1,Pierre-and-Marie-Curie University,100
2,Massachusetts Institute of Technology,99.55
3,University of Tokyo,99.02
4,University of Chicago,98.95
5,"University of California, Berkeley",97.41
6,University of Paris-Sud,97.27
7,Harvard University,97.1
8,University of Oxford,95.48
9,"University of Maryland, College Park",94.78
10,Princeton University,94.73
,,
,,
,,
"PHYSICS, NUCLEAR",,
World Rank,Institution,Score
1,University of Chicago,100
2,University of Tokyo,99.76
3,Lomonosov Moscow State University,97.44
4,University of Paris-Sud,96.79
5,Sapienza University of Rome,95.31
6,Michigan State University,93.88
7,Charles University in Prague,92.38
8,Ohio State University,92.35
9,University of Bologna,91.96
10,Massachusetts Institute of Technology,91.68
,,
,,
,,
"PHYSICS, PARTICLES & FIELDS",,
World Rank,Institution,Score
1,University of Chicago,100
2,University of Tokyo,95.84
3,Pierre-and-Marie-Curie University,95.78
4,Sapienza University of Rome,94.9
5,Massachusetts Institute of Technology,94.84
6,California Institute of Technology,93.13
7,Paris Diderot University - Paris 7,92.44
8,University of Valencia,92.37
9,"University of California, Berkeley",91.73
9,University of Paris-Sud,91.73
,,
,,
,,
PHYSIOLOGY,,
World Rank,Institution,Score
1,Harvard University,100
2,University of Copenhagen,95.8
3,Johns Hopkins University,92.62
4,University College London,90.48
5,"University of California, San Diego",90.43
6,Pennsylvania State University,89.98
7,University of Toronto,89.31
8,University of Pittsburgh,88.67
9,"University of California, Los Angeles",87.89
10,University of British Columbia,87.07
,,
,,
,,
PLANNING & DEVELOPMENT,,
World Rank,Institution,Score
1,University of Manchester,100
2,University of Sussex,97.9
3,University of Oxford,93.81
4,Utrecht University,91.91
5,Erasmus University Rotterdam,89.81
5,University of Cambridge,89.81
7,London School of Economics,88.9
8,Katholieke Universiteit Leuven,88.43
9,"University of California, Berkeley",87.95
10,Harvard University,85.07
,,
,,
,,
PLANT SCIENCES,,
World Rank,Institution,Score
1,University of Tokyo,100
2,Wageningen University and Research Centre,99.5
3,"University of California, Davis",99.06
4,China Agricultural University,97.79
5,Cornell University,97.74
6,University of Western Australia,96.44
7,University of Chinese Academy of Sciences,96.08
8,Ghent University,95.68
9,Zhejiang University,94.86
10,Michigan State University,94.33
,,
,,
,,
POLITICAL SCIENCE,,
World Rank,Institution,Score
1,Harvard University,100
2,University of Oxford,97.08
3,University of Michigan,94.75
4,Princeton University,94.16
5,Yale University,93.21
6,London School of Economics,93.14
6,Stanford University,93.14
8,New York University,90.22
9,Duke University,89.54
10,University of Essex,88.56
,,
,,
,,
POLYMER SCIENCE,,
World Rank,Institution,Score
1,Zhejiang University,100
2,Kyoto University,97.69
3,University of Science and Technology of China,96.9
4,National University of Singapore,95.76
5,South China University of Technology,94.78
6,Massachusetts Institute of Technology,94.53
7,Eindhoven University of Technology,93.96
8,Tokyo Institute of Technology,93.7
9,University of Tokyo,93.61
10,Tianjin University,93.56
,,
,,
,,
PRIMARY HEALTH CARE,,
World Rank,Institution,Score
1,University of Oxford,100
2,Radboud University Nijmegen,99.63
3,University of Manchester,98.5
4,VU University Amsterdam,97.5
5,University of Bristol,95.58
6,King's College London,95.35
7,University of Colorado Denver | Anschutz Medical Campus,94.89
8,Maastricht University,93.46
9,University College London,93.21
10,Utrecht University,92.96
,,
,,
,,
PSYCHIATRY,,
World Rank,Institution,Score
1,King's College London,100
2,Harvard University,99.22
3,Columbia University,94.06
4,Yale University,92.18
5,University College London,90.3
6,University of Pittsburgh,89.86
7,"University of California, Los Angeles",89.81
8,University of Toronto,88.39
9,Johns Hopkins University,87.92
10,"University of California, San Diego",87.68
,,
,,
,,
PSYCHOLOGY,,
World Rank,Institution,Score
1,King's College London,100
2,Harvard University,97.35
3,University College London,92.38
4,"University of California, Los Angeles",87.33
5,Columbia University,86.72
6,VU University Amsterdam,85.85
7,University of Groningen,85.43
8,University of Pittsburgh,85
9,University of Toronto,84.81
10,Yale University,84.55
,,
,,
,,
"PSYCHOLOGY, APPLIED",,
World Rank,Institution,Score
1,Michigan State University,100
2,"University of Maryland, College Park",96.95
3,Arizona State University,96.84
4,University of Minnesota,95.09
5,University of Michigan,94.39
6,Pennsylvania State University,92.65
7,University of Washington,92.39
8,Erasmus University Rotterdam,91.98
9,University of Florida,91.57
10,University of Georgia,88.9
,,
,,
,,
"PSYCHOLOGY, BIOLOGICAL",,
World Rank,Institution,Score
1,University of Pennsylvania,100
2,Karolinska Institute,95.7
3,Johns Hopkins University,93.37
3,University of Cincinnati,93.37
5,Maastricht University,93.01
6,University of São Paulo,91.92
7,Pennsylvania State University,91.16
8,University of Pittsburgh,89.55
9,University of Groningen,88.71
10,Utrecht University,87.37
,,
,,
,,
"PSYCHOLOGY, CLINICAL",,
World Rank,Institution,Score
1,Harvard University,100
2,King's College London,97.33
3,University of Pittsburgh,93.79
4,"University of California, Los Angeles",93.05
5,Columbia University,92.78
6,Yale University,91.35
7,Brown University,90.37
8,University of Pennsylvania,88.84
9,University of Washington,88.63
10,Boston University,87.45
,,
,,
,,
"PSYCHOLOGY, DEVELOPMENTAL",,
World Rank,Institution,Score
1,Harvard University,100
2,King's College London,95.09
3,University of Minnesota,93.93
4,University of North Carolina at Chapel Hill,93.52
5,"University of California, Los Angeles",93.38
5,University of Michigan,93.38
7,University of Pittsburgh,91.93
8,Yale University,91.88
9,Columbia University,89.93
10,University College London,89.7
,,
,,
,,
"PSYCHOLOGY, EDUCATIONAL",,
World Rank,Institution,Score
1,Arizona State University,100
2,University of Minnesota,98.66
3,"University of Maryland, College Park",98.48
4,Harvard University,97.22
5,University of Michigan,96.27
6,University of Wisconsin–Madison,96.07
7,University of Texas at Austin,95.07
8,Pennsylvania State University,93.79
9,University of Virginia,92.89
10,New York University,92.19
10,University of Illinois at Urbana–Champaign,92.19
,,
,,
,,
"PSYCHOLOGY, EXPERIMENTAL",,
World Rank,Institution,Score
1,University College London,100
2,Harvard University,97.68
3,University of Toronto,92.52
4,"University of California, San Diego",89.31
5,University of Oxford,88.14
6,Stanford University,87.84
7,Yale University,87.43
8,Radboud University Nijmegen,87.3
9,"University of California, Berkeley",86.55
10,University of Pennsylvania,86.36
,,
,,
,,
"PSYCHOLOGY, MATHEMATICAL",,
World Rank,Institution,Score
1,Katholieke Universiteit Leuven,100
2,Washington University in St. Louis,95.55
3,University of Illinois at Urbana–Champaign,92.97
4,Vanderbilt University,92.42
5,Ghent University,91.86
6,University of Iowa,90.1
7,University College London,88.84
8,Indiana University - Bloomington,88.19
9,"University of California, San Diego",87.52
10,University of Amsterdam,86.84
,,
,,
,,
"PSYCHOLOGY, MULTIDISCIPLINARY",,
World Rank,Institution,Score
1,Harvard University,100
2,University College London,94
3,University of Toronto,91.94
4,Stanford University,91.56
5,Northwestern University,91.17
6,University of Amsterdam,89.73
7,"University of California, Los Angeles",89.3
8,Radboud University Nijmegen,88.96
9,Yale University,87.56
10,New York University,87.07
10,University of Pennsylvania,87.07
,,
,,
,,
"PSYCHOLOGY, PSYCHOANALYSIS",,
World Rank,Institution,Score
1,Columbia University,100
2,New York University,98.96
3,Harvard University,91.6
4,Adelphi University,84.25
5,Cornell University,82.28
6,University College London,79.01
7,Yale University,73.88
8,George Washington University,69.22
8,Ghent University,69.22
10,University of Pennsylvania,67.46
,,
,,
,,
"PSYCHOLOGY, SOCIAL",,
World Rank,Institution,Score
1,Stanford University,100
2,Northwestern University,98.71
3,New York University,96.22
4,University of Toronto,93.69
5,Harvard University,93.22
6,Florida State University,92.93
7,University of Michigan,92.73
8,"University of California, Berkeley",91.82
9,Columbia University,91.51
9,Ohio State University,91.51
,,
,,
,,
PUBLIC ADMINISTRATION,,
World Rank,Institution,Score
1,University of Georgia,100
2,London School of Economics,98.63
3,Cardiff University,97.6
4,Aarhus University,94.89
5,Indiana University - Bloomington,92.87
6,University of Wisconsin–Madison,92.06
7,University of Oxford,90.64
8,Utrecht University,89.42
9,Ohio State University,87.47
10,University of Manchester,86.77
,,
,,
,,
"PUBLIC, ENVIRONMENTAL & OCCUPATIONAL HEALTH",,
World Rank,Institution,Score
1,Harvard University,100
2,Johns Hopkins University,93.14
3,University of North Carolina at Chapel Hill,89.87
4,"University of California, San Francisco",89.58
5,University of Washington,88.42
6,University of Michigan,87.93
7,London School of Hygiene & Tropical Medicine,87.19
8,Columbia University,87.15
9,University of Toronto,86.89
10,"University of California, Los Angeles",86.43
,,
,,
,,
"RADIOLOGY, NUCLEAR MEDICINE & MEDICAL IMAGING",,
World Rank,Institution,Score
1,Harvard University,100
2,University of Toronto,88.75
3,University College London,88.6
4,Johns Hopkins University,88.37
5,Stanford University,87.75
6,University of Texas MD Anderson Cancer Center,86.57
7,"University of California, Los Angeles",85.29
8,Duke University,85.04
9,University of Pennsylvania,84.49
10,Utrecht University,83.77
,,
,,
,,
REHABILITATION,,
World Rank,Institution,Score
1,University of Toronto,100
2,University of Groningen,94.2
3,Northwestern University,93.45
4,University of Sydney,92.55
5,VU University Amsterdam,90.16
6,Radboud University Nijmegen,89.9
7,University of Pittsburgh,89.71
8,Harvard University,89.65
9,University of Queensland,88.92
10,University of Washington,88.22
,,
,,
,,
REMOTE SENSING,,
World Rank,Institution,Score
1,Wuhan University,100
2,California Institute of Technology,96.55
3,"University of Maryland, College Park",96.29
4,Xidian University,95.43
5,Beijing Normal University,90.14
6,Paul Sabatier University - Toulouse III,90.06
7,National University of Defense Technology,85.12
8,University of Chinese Academy of Sciences,84.71
9,University of Valencia,83.62
10,Ohio State University,81.72
,,
,,
,,
REPRODUCTIVE BIOLOGY,,
World Rank,Institution,Score
1,Harvard University,100
2,University of Copenhagen,94.55
3,Vrije Universiteit Brussel,91.64
4,University of Valencia,90.83
5,Utrecht University,90.36
6,Monash University,88.57
6,"University of California, San Francisco",88.57
8,McGill University,88.35
9,University of Pennsylvania,88.03
10,University of Amsterdam,87.81
,,
,,
,,
RESPIRATORY SYSTEM,,
World Rank,Institution,Score
1,Harvard University,100
2,Imperial College London,91.79
3,University of Pennsylvania,90.78
4,University of Toronto,90.12
5,Johns Hopkins University,88.8
6,Duke University,88.06
7,University of Michigan,86.62
8,University of Pittsburgh,86.29
9,Columbia University,84.13
10,"University of California, San Francisco",83.56
,,
,,
,,
RHEUMATOLOGY,,
World Rank,Institution,Score
1,Leiden University,100
2,Harvard University,98.33
3,University of Toronto,95.52
4,Karolinska Institute,94.94
5,Paris Descartes University,94.17
6,University of Manchester,94.02
7,Free University of Berlin,93.69
8,Humboldt University of Berlin,93.65
9,University College London,91.92
10,University of Leeds,91.41
,,
,,
,,
ROBOTICS,,
World Rank,Institution,Score
1,Massachusetts Institute of Technology,100
2,Carnegie Mellon University,98.98
3,Swiss Federal Institute of Technology in Zurich,88.07
4,Georgia Institute of Technology,83.83
5,University of Pennsylvania,82.59
6,Stanford University,82.16
7,Harvard University,81.27
8,California Institute of Technology,81.04
9,University of Southern California,78.83
10,University of Sydney,77.48
,,
,,
,,
SOCIAL ISSUES,,
World Rank,Institution,Score
1,Harvard University,100
2,University of Oxford,98.28
3,University of Michigan,91.82
4,University of Pennsylvania,90.42
5,Columbia University,87.98
5,University of Toronto,87.98
7,University of Oslo,87.32
8,Yale University,85.57
9,Erasmus University Rotterdam,85.21
10,University of Manchester,84.07
,,
,,
,,
"SOCIAL SCIENCES, BIOMEDICAL",,
World Rank,Institution,Score
1,Harvard University,100
2,"University of California, San Francisco",97.21
3,Johns Hopkins University,95.2
4,Columbia University,92.84
5,"University of California, Los Angeles",92.3
6,University of North Carolina at Chapel Hill,88.71
7,London School of Hygiene & Tropical Medicine,86.53
8,University of Michigan,85.73
9,Brown University,84.9
10,Emory University,84.35
10,Yale University,84.35
,,
,,
,,
"SOCIAL SCIENCES, INTERDISCIPLINARY",,
World Rank,Institution,Score
1,University of Michigan,100
2,Harvard University,95.82
3,University of Toronto,90.86
4,Monash University,90.25
5,Johns Hopkins University,89.24
6,University of Pennsylvania,89.11
7,University of Washington,88.31
8,University of Amsterdam,88.17
9,Columbia University,87.18
10,University of Sydney,86.73
,,
,,
,,
"SOCIAL SCIENCES, MATHEMATICAL METHODS",,
World Rank,Institution,Score
1,University of Chicago,100
2,Yale University,99.67
3,London School of Economics,97.04
4,Northwestern University,94.14
5,"University of California, San Diego",93.69
6,"University of California, Los Angeles",92.43
7,Columbia University,91.43
7,Duke University,91.43
9,Harvard University,90.91
10,Massachusetts Institute of Technology,90.01
,,
,,
,,
SOCIAL WORK,,
World Rank,Institution,Score
1,University of Washington,100
2,University of Toronto,98.92
3,University of Michigan,98.54
4,University of North Carolina at Chapel Hill,98.35
5,University of Chicago,97.18
6,University of Illinois at Urbana–Champaign,96.77
7,Columbia University,96.15
8,University of Illinois at Chicago,95.94
9,University of Southern California,94.16
10,Washington University in St. Louis,93.92
,,
,,
,,
SOCIOLOGY,,
World Rank,Institution,Score
1,Pennsylvania State University,100
2,University of Michigan,97.95
3,University of Oxford,97.7
4,University of Texas at Austin,95.73
5,Harvard University,94.96
6,University of Wisconsin–Madison,94.47
7,Ohio State University,93.85
8,University of North Carolina at Chapel Hill,92.55
9,Cornell University,92.44
10,Stanford University,92.21
,,
,,
,,
SOIL SCIENCE,,
World Rank,Institution,Score
1,Wageningen University and Research Centre,100
2,China Agricultural University,98.02
3,University of Chinese Academy of Sciences,97.3
4,University of Göttingen,96.28
5,Swedish University of Agricultural Sciences,95.19
6,"University of California, Davis",94.99
7,University of Western Australia,94.14
8,University of Adelaide,93.26
9,Aarhus University,92.68
10,University of Copenhagen,92.09
,,
,,
,,
SPECTROSCOPY,,
World Rank,Institution,Score
1,University of Chicago,100
2,"University of California, Berkeley",99.57
3,Annamalai University,95.9
4,University of Tokyo,94.51
5,Swiss Federal Institute of Technology in Zurich,93.69
6,Technical University of Munich,93.18
7,Sapienza University of Rome,92.41
8,University of Paris-Sud,91.48
9,Kyoto University,91.15
10,Pierre-and-Marie-Curie University,91.02
,,
,,
,,
SPORT SCIENCES,,
World Rank,Institution,Score
1,Harvard University,100
2,University of Pittsburgh,97.39
3,University of Copenhagen,90.47
4,University of British Columbia,89.67
5,University of Michigan,88.91
6,University of Washington,88.51
7,University of Queensland,87.82
8,Norwegian School of Sport Sciences,87.1
9,University of Toronto,86.73
10,Karolinska Institute,86.65
,,
,,
,,
STATISTICS & PROBABILITY,,
World Rank,Institution,Score
1,Harvard University,100
2,University of North Carolina at Chapel Hill,95.1
3,University of Michigan,93.93
4,University of Washington,93.24
5,Stanford University,92.51
6,Duke University,91.38
7,University of Pennsylvania,91.01
8,University of Minnesota,89.92
9,Columbia University,89.47
10,"University of California, Berkeley",89.22
,,
,,
,,
SUBSTANCE ABUSE,,
World Rank,Institution,Score
1,Johns Hopkins University,100
2,Yale University,98.18
3,Harvard University,97.32
4,Columbia University,95.25
5,Brown University,94.71
6,"University of California, San Francisco",94
7,University of New South Wales,92.64
8,University of Pittsburgh,92.02
9,University of Minnesota,91.83
10,University of Pennsylvania,90.98
,,
,,
,,
SURGERY,,
World Rank,Institution,Score
1,Harvard University,100
2,Johns Hopkins University,90.41
3,University of Pittsburgh,89.97
4,University of Toronto,89.5
5,University of Pennsylvania,88.55
6,University of Michigan,87.78
7,Washington University in St. Louis,86.39
8,"University of California, San Francisco",86.18
9,Stanford University,85.35
10,Duke University,84.63
,,
,,
,,
TELECOMMUNICATIONS,,
World Rank,Institution,Score
1,Tsinghua University,100
2,Nanyang Technological University,99.6
3,University of Waterloo,98.5
4,University of British Columbia,98.33
5,Hong Kong University of Science and Technology,96.5
6,Southeast University (China),95.48
7,National University of Singapore,95.27
8,University of Southampton,95.06
9,City University of Hong Kong,94.98
10,Georgia Institute of Technology,94.64
10,Xidian University,94.64
,,
,,
,,
THERMODYNAMICS,,
World Rank,Institution,Score
1,Tsinghua University,100
2,Xi'an Jiaotong University,99.08
3,Shanghai Jiao Tong University,98.46
4,Huazhong University of Science and Technology,91.98
5,Tianjin University,89.03
6,North China Electric Power University,88.96
7,Purdue University,88.75
8,University of Malaya,87.95
9,University of Science and Technology of China,87.18
10,National Cheng Kung University,86.21
,,
,,
,,
TOXICOLOGY,,
World Rank,Institution,Score
1,Harvard University,100
2,University of North Carolina at Chapel Hill,97.17
3,"University of California, Davis",92.03
4,Michigan State University,91.29
5,University of Michigan,88.84
6,"University of California, Berkeley",88.69
7,Karolinska Institute,88.47
8,University of Washington,87.94
9,Utrecht University,87.47
10,Vanderbilt University,87.31
,,
,,
,,
TRANSPLANTATION,,
World Rank,Institution,Score
1,Harvard University,100
2,University of Pittsburgh,93.82
3,University of Toronto,92.64
4,Johns Hopkins University,91.13
5,University of Michigan,89.35
6,University of Alberta,89.3
7,"University of California, Los Angeles",89.25
8,University of Minnesota,87.87
9,University of Pennsylvania,87.35
10,Stanford University,86.24
,,
,,
,,
TRANSPORTATION,,
World Rank,Institution,Score
1,Monash University,100
2,"University of California, Berkeley",98.98
3,Queensland University of Technology,97.73
4,University of Sydney,97.54
5,University of Leeds,94.1
6,Delft University of Technology,90.5
7,University of New South Wales,89.69
8,University of British Columbia,89.42
8,University of Texas at Austin,89.42
10,University of Toronto,88.57
,,
,,
,,
TRANSPORTATION SCIENCE & TECHNOLOGY,,
World Rank,Institution,Score
1,Tsinghua University,100
2,University of Southampton,99.05
3,University of British Columbia,98.06
4,"University of California, Berkeley",97.93
5,Hong Kong University of Science and Technology,97.41
6,Delft University of Technology,95.33
7,Beijing Jiaotong University,95.18
8,Southeast University (China),94.58
9,University of Sydney,93.81
10,University of Waterloo,92.33
,,
,,
,,
TROPICAL MEDICINE,,
World Rank,Institution,Score
1,London School of Hygiene & Tropical Medicine,100
2,University of Oxford,92.58
3,University of Basel,89.28
4,Mahidol University,87.33
4,University of Liverpool,87.33
6,Johns Hopkins University,84.36
7,"University of California, San Francisco",80.51
8,Imperial College London,79.05
9,University of São Paulo,78.95
10,University of Queensland,77.85
,,
,,
,,
URBAN STUDIES,,
World Rank,Institution,Score
1,National University of Singapore,100
2,University College London,92.14
3,University of Amsterdam,91.83
4,"University of California, Los Angeles",90.84
5,University of Hong Kong,90.16
5,University of Manchester,90.16
7,University of Toronto,89.46
8,University of Sheffield,89.1
9,University of British Columbia,88.74
9,VU University Amsterdam,88.74
,,
,,
,,
UROLOGY & NEPHROLOGY,,
World Rank,Institution,Score
1,Harvard University,100
2,Johns Hopkins University,93.96
3,University of Toronto,93.19
4,"University of California, San Francisco",90.99
5,University of Texas Southwestern Medical Center,90.4
6,University of Michigan,89.66
7,"University of California, Los Angeles",89.17
8,University of Washington,88.02
9,Cornell University,87.39
10,Vanderbilt University,87.34
,,
,,
,,
VETERINARY SCIENCES,,
World Rank,Institution,Score
1,Ghent University,100
2,"Royal Veterinary College, University of London",98.21
3,"University of California, Davis",97.31
4,Utrecht University,97.15
5,University of Copenhagen,94.88
6,University of Edinburgh,94.3
7,Swedish University of Agricultural Sciences,93.98
8,Autonomous University of Barcelona,93.88
9,University of Zurich,92.74
10,University of Veterinary Medicine Hanover,92.35
,,
,,
,,
VIROLOGY,,
World Rank,Institution,Score
1,Harvard University,100
2,University of Pennsylvania,89.42
3,University of Washington,87.15
3,University of Wisconsin–Madison,87.15
5,University of North Carolina at Chapel Hill,85.97
6,Emory University,85.42
7,University of Oxford,83.52
8,Duke University,83.13
9,Washington University in St. Louis,82.87
10,Johns Hopkins University,82.77
,,
,,
,,
WATER RESOURCES,,
World Rank,Institution,Score
1,Delft University of Technology,100
2,Swiss Federal Institute of Technology in Zurich,95.61
3,University of Arizona,93.72
4,University of Queensland,91.07
5,Wageningen University and Research Centre,90.01
6,University of Illinois at Urbana–Champaign,89.62
7,University of New South Wales,89.56
8,"University of California, Berkeley",89.11
9,Tsinghua University,89.05
10,Texas A&M University,88.63
,,
,,
,,
WOMEN'S STUDIES,,
World Rank,Institution,Score
1,University of Michigan,100
2,Harvard University,97.25
3,"University of California, San Francisco",95.33
4,"University of California, Los Angeles",92.32
5,University of Washington,92.14
6,University of Pittsburgh,91.77
7,Johns Hopkins University,91.59
8,University of North Carolina at Chapel Hill,91.4
9,Boston University,88.77
10,Emory University,87.2
,,
,,
,,
ZOOLOGY,,
World Rank,Institution,Score
1,University of São Paulo,100
2,Federal University of Rio de Janeiro,91.4
3,National Autonomous University of Mexico,89.74
4,University of Florida,87.78
5,"University of California, Davis",87.54
6,Cornell University,84.09
7,National University of Singapore,83.66
8,University of Cambridge,83.56
9,China Agricultural University,82.72
10,University of Oxford,82.6
